job_posting_id,title,company,text,date,url
151639,[지주부문] Physical AI Expert 경력 채용,두산,"[VLA / Robot Foundation Model 연구 및 아키텍처 설계] - 최신 VLA 모델(RT-x, OpenVLA, Octo 등) 및 Multimodal LLM 아키텍처 리서치 및 내재화 - Vision, LLM, Action을 결합한 End-to-End 제어 모델 설계 및 구현 - Physical World 판단을 위한 Agentic AI 기반 추론(Reasoning) 및 계획(Planning) 개발 [Embodied AI 데이터 파이프라인 구축 및 학습 최적화] - 로봇 구동 데이터(Trajectory, Sensor)와 비전/언어 데이터 정렬(Alignment) 및 처리 프로세스 구축 - Sim-to-Real 연계를 위한 시뮬레이션 데이터 생성 적용 - VLA 모델 개선을 위한 Fine-tuning 및 경량화(Quantization/Distillation) 수행 [PoC 추진 및 현장 적용 시스템 구현] - 개발된 VLA 모델과 - 학력 : 컴퓨터공학, 로봇공학, 인공지능, 기계공학 등 관련 분야 학사 이상 (혹은 이에 준하는 실무 경력 보유자) - VLA/Multimodal 이해 : Transformer 기반 VLM(Vision Language Model) 또는 VLA 모델 구조에 대한 이해 - 개발 역량 : Python 및 Deep Learning Framework(PyTorch, JAX 등) 활용 역량 보유, 로봇 제어, Kinematics/Dynamics에 대한 지식 및 ROS/ROS2 미들웨어 사용 경험 보유 - 문제 해결 : 리서치 및 검증 역량, 빠른 신기술 학습 및 프로젝트 적용 경험 보유",2026.02.03,https://www.work24.go.kr/wk/a/b/1500/empDetailAuthView.do?wantedAuthNo=151639&infoTypeCd=OEW&infoTypeGroup=tb_workinfoopen
151961,AI 개발자,다날,"- 금융 거래 데이터를 활용한 모델 개발 및 고도화 - 데이터 수집·전처리, feature engineering, 모델 실험 설계 및 반복 학습 - RAG(Retrieval-Augmented Generation) 기반 AI 서비스 설계 및 운영 - 단일 서비스 단위를 넘어 전사 AI 플랫폼/에이전트 아키텍처 설계 - 2년 이상의 AI/데이터/백엔드 관련 실무 경험 또는 이에 준하는 프로젝트 경험 - Python 기반 ML/DL 개발 경험 - 데이터 기반 문제를 모델링 관점에서 정의하고 해결한 경험 - 모델의 성능뿐 아니라 운영 환경에서의 제약(속도, 비용, 안정성)을 고려할 수 있는 역량 - 새로운 도메인에 대한 빠른 학습 능력과 문제 해결력",2026.02.11,https://www.work24.go.kr/wk/a/b/1500/empDetailAuthView.do?wantedAuthNo=151961&infoTypeCd=OEW&infoTypeGroup=tb_workinfoopen
152033,[CTO] AI Scientist_음성인식/합성 경력채용,엘지유플러스,"- 음성 AI 핵심 기술(STT, TTS, 화자인식, 음성향상) 선행 연구 및 기술 검증 - 실시간 대화 환경을 고려한 음성 AI 모델 구조 및 추론 방식 연구 - 저지연·경량화·응답 안정성을 중심으로 한 음성 AI 기술 방향성 연구 - End-to-End Speech LLM 및 음성·멀티모달 파운데이션 모델 구조 연구 - 음성 신호 기반 이벤트 검출 기술(Sound Event Detection) 연구 - 대규모 음성·멀티모달 데이터 활용 전략 수립 및 연구 결과 공유 기술 문서, 리포트, 내부 세미나를 통한 연구 결과 공유 [전공] - 인공지능 관련 전공 [필수 사항] - 석사 이상 - 관련 직무 경력 2년 이상 석사~박사 경력 (24)개월",2026.02.05,https://www.work24.go.kr/wk/a/b/1500/empDetailAuthView.do?wantedAuthNo=152033&infoTypeCd=OEW&infoTypeGroup=tb_workinfoopen
171097,AI 서비스 개발 전문연구요원 모집,주식회사 루트랩,"LLM 모델 활용 서비스 및 RAG 시스템 구축 AI Agent 시스템 구축 웹 플랫폼 연계 서비스 구축 Python 및 자바 기반 서비스 개발 가능하신 분 생성형 AI 관련 개발 경험(LLM 모델 활용, RAG 및 Fine-Tuning, Agent 구축 등)이 있으신 분 빅데이터 및 NLP 분야 경험이 있으신 분 새로운 기술 습득 및 활용에 흥미가 있고 도전이 가능하신 분 필수 사항 _ 자신을 잘 설명할 수 있는 포트폴리오 제출 머신러닝/딥러닝 라이브러리 활용 유경험자 Elasticsearch, MongoDB, Redis, Kafka 사용 유경험자 Kubernetes, Docker 등 컨테이너 환경에 대한 유경험자 데이터 파이프라인 개발 유경험자 AI 관련 서비스 기획 및 설계 유경험자",2026.01.26,https://www.work24.go.kr/wk/a/b/1500/empDetailAuthView.do?wantedAuthNo=00171097&infoTypeCd=PRD&infoTypeGroup=tb_workinfogubun
211562,AI Backend Engineer(대리~과장급),한화생명보험,"• Agent 기반 제품 설계 및 개발 • Agentic 아키텍처 등을 제품에 전략적으로 활용 • 기존 AI 서비스, LLMOps 운영 고도화 학력 : 대졸 학사 이상 경력 : 5년 이상의 유사 경력 보유자 전문지식 • 컴퓨터 공학, 소프트웨어 공학, 정보기술 또는 관련 분야에서 학사 학위 이상 • 백엔드 기술에 대한 깊은 이해와 경험 (Python, Java, Go, Node.js 등) • 다양한 데이터베이스 설계 및 관리 경험 (MySQL, Redis, elasticsearch 등) • AI 기반 서비스의 설계부터 개발, 운영까지 전 과정을 주도적으로 수행한 경험 • AI 모델 서빙 프레임워크(vllm, sglang, TensorRT-LLM 등) 활용 경험 • AI Agent 프레임워크(LangChain, LangGraph 등) 활용 경험 • 클라우드 서비스(AWS, Azure 등) 환경에서의 서비스 개발, 배포 및 운영 경험 • 컨테이너화 기술(Docker, Kubernetes 등) 및 마이크로서비스 아키텍처(MSA) 운영 경험 • 팀에서의 협업과 의사소통 능력이 탁월한 자 • 시스템 아키텍처 설계 및 구축 경험 • 금융업 설계/개발 및 운영 경험 • AI 모델 경량화 경험",2026.02.11,https://www.work24.go.kr/wk/a/b/1500/empDetailAuthView.do?wantedAuthNo=211562&infoTypeCd=CWT&infoTypeGroup=tb_workinfogubun
215978,AI Engineer_생성형 AI Agent개발,제논,"• LLM, 멀티모달, 임베딩 모델을 활용하여 고객사의 요구에 맞춘 AI 기반 솔루션 개발/배포 • 다양한 인공지능 에이전트를 구축하여 고객사의 비즈니스 효율화를 지원 • LangChain, LangGraph와 같은 오픈소스 프레임워크를 활용하여 맞춤형 검색과 개인화 기능 최적화 • 고객사 문제 분석을 통한 맞춤형 RAG 기반 솔루션 설계, 데이터 검색과 생성형 응답을 결합한 고성능 AI 서비스 제공 • 대규모 데이터의 효율적 관리, 고객사 니즈에 맞는 분석과 보고서 생성을 자동화할 수 있는 AI 모델 설계 및 최적화 • 고객사와 협업하여 비즈니스에 직접적인 가치를 제공할 수 있는 AI 솔루션 기획/개발 • 컴퓨터공학 및 관련학과 석사 이상 혹은 학사+1년 이상의 경력 • LLM과 RAG 관련 기술에 대한 기본 지식과 실무 경험 보유 • LangChain, LangGraph와 같은 오픈소스 프레임워크를 활용한 AI 솔루션 개발 경험 • LLM 기반 에이전트(데이터 분석, 보고서 생성, 개인화) 개발 경험이나 이에 높은 이해도 보유 • 주요 AI 프레임워크 활용 가능자 ㄴ Python, PyTorch, TensorFlow, Langchain, Langraph, Rasa, Flowise, Langfuse • 비즈니스 문제를 해결하기 위한 고객 맞춤형 솔루션 설계 및 개발 역량 • 컴퓨터 공학 관련 석사/박사 학위 • 벡터 검색 및 RAG 솔루션에 대한 경험 • 대규모 AI 모델 및 데이터를 다루고 최적화한 경험 • Docker, Kubernetes 등 컨테이너 기술에 대한 경험 • LLM, 임베딩, 멀티모달 모델 학습을 위한 데이터셋 생성, 학습 및 배포 경험 • AI 모델을 비즈니스 환경에 통합하여 고객 경험 최적화 경험",2026.01.13,https://www.work24.go.kr/wk/a/b/1500/empDetailAuthView.do?wantedAuthNo=215978&infoTypeCd=CWT&infoTypeGroup=tb_workinfogubun
216010,"[일자리매칭플랫폼] [Ncube] 신입/경력 모집 [AI개발 - 바이브코딩, Python, Unity] - 2월 16일 또는 3월 1일 입사가능자",(주)엔큐브,"ㆍAI서비스 연구 및 개발- 웹/앱 UX, AI에이전트, 멀티모달 등 ㆍ연관 기술 연구 및 실증 - 디지털트윈, 라이프로그, 빅데이터, 보안 등 ㆍAI기반 인터랙티브 콘첸트 연구 및 실증 - 월드모델, 메타버스 등 ㆍAI기술 트렌드 리서치 및 분석 - 최신모델 검증, 튜닝최적화등 ㆍ학력 : 대졸(4년제) 이상(예정자 가능) ㆍ경력 : 신입·경력 1~3년 ㆍ해당직무 기술학습 및 근무경험자 ㆍ직무관련 포트폴리오 첨부 필수 (AI개발 관련 포폴, 바이브코딩 결과물 가능) ㆍ직무관련 분야 전공자 [ 컴퓨터공학/시스템공학 등] ㆍ관련 자격증 보유자 - 정보처리기사 등 ㆍ관련 직무 경험자 우대 - 1년이상 ㆍ3D관련 프로젝트 경험자 우대 ㆍ멀티미디어 생성형 AI 경험자 우대 ㆍ아바타 생성 서비스 제작 경험자 우대 ㆍ리눅스/유닉스 기반 운영체제 활용능력 보유자 ㆍPyTorch기반 모델 학습 및 파인 튜닝 경험 보유 ㆍRAG기반 시스템 설계 및 구축 경험 보유",2026.02.13,https://www.work24.go.kr/wk/a/b/1500/empDetailAuthView.do?wantedAuthNo=216010&infoTypeCd=KOS&infoTypeGroup=tb_workinfogubun
226037,[독파모] AI Research Engineer - LLM Post-training,업스테이지,"• Reinforcement learning for LLM (math, code, general reasoning, tool use) • Efficient & effective reasoning • A scalable agentic tool use data synthesis pipeline • Language-specific reward models • Precise instruction following ** 기술의 흐름과 상황에 따라서 개발하는 프로젝트는 변화하며, 프로젝트는 각 시점에 LLM 모델 발전에 가장 영향력있는 기술 요소에 집중합니다. Strongly wanted • LLM post-training/fine-tuning을 수행하여 특정 문제에서 최고 성능을 달성해본 경험 • ML과 NLP 토픽으로 국제 학회에서 출판 기록 (1저자 혹은 교신저자) May helpful • AI 관련 연구 또는 프로덕트 개발을 리딩한 경험 • LLM Post-training을 위한 데이터 수집, 생성, 정제등을 수행해 본 경험 • 국제 혹은 국내 AI 대회 (Kaggle 등) 상위권 입상 • 0.1%의 성능에 민감하여 제한된 자원과 시간에 최적화를 수행할 수 있는 집중력 • 논리적인 사고실험을 수행하고 가설/검증의 방식으로 실험 설계 및 결과를 도출할 수 있는 사고력 • 레슨런을 효과적이고 효율적으로 전파하고 논의할 수 있는 의사소통 능력",2026.01.16,https://www.work24.go.kr/wk/a/b/1500/empDetailAuthView.do?wantedAuthNo=226037&infoTypeCd=CWT&infoTypeGroup=tb_workinfogubun
254599,AI Backend Engineer,딥서치,"• 금융 전문가들이 유용하게 사용할 수 있는 AI 기반의 서비스를 개발해요. • LLM을 활용하여 RAG 기반으로 사용자에게 의미있는 데이터를 생성해요. • MCP, agent2agent와 같은 프로토콜에 맞는 API를 개발해요. • 국내/미국 시장 경제에 영향을 미치는 모든 데이터와 기업 데이터를 수집 및 가공해요. • 데이터를 효율적으로 수집할 수 있는 파이프라인을 구축해요. • 데이터를 클러스터링, 분석, 추천, 추측 알고리즘을 적용하여 사용자에게 제공해요. • 백엔드 서비스 개발 경험이 풍부한 분 (언어·프레임워크 무관) • 안정적이고 확장 가능한 데이터 수집 및 파이프라인 설계 경험이 있는 분 • 새로운 기술 및 방법을 빠르게 학습하는데 익숙하신 분 • 효율적이고 논리적인 커뮤니케이션을 잘 하시는 분 • 빠른 성장을 추구하는 분 • LLM을 활용한 서비스 개발·운영 경험 • Vector DB, OpenSearch 등 검색/추천 관련 경험 • 머신러닝 모델 빌드, 배포, 운영 경험 (자체 LLM self-hosting 경험 포함) • 금융(주식, 투자, 경제 등) 도메인에 대한 높은 이해도가 있으신 분 • 스타트업 환경에서 서비스 스케일업을 성공적으로 이끈 경험 • AI 도구 및 툴 사용에 능숙하신 분",2026.01.20,https://www.work24.go.kr/wk/a/b/1500/empDetailAuthView.do?wantedAuthNo=254599&infoTypeCd=CWT&infoTypeGroup=tb_workinfogubun
259098,AI Research Engineer,나니아랩스,"1. 생성/예측/최적화 AI 연구 AslanX에 탑재되는 SOTA AI 모델을 연구하고 개발합니다. • 3D 데이터 기반 생성/예측/최적화 AI 모델 • 2D 데이터 기반 생성/예측/최적화 AI 모델 • 1D 데이터 기반 예측/최적화 AI 모델 • 제조 가능하고 수정 가능한 CAD 생성 모델 • Multi-fidelity 모델 • 최적설계 기술 • 엔지니어링 데이터 전/후처리 기술 2. Agentic AI 기반 설계 연구 Agentic AI 기반 자율설계를 위한 요소 기술들을 연구하고 구현합니다. • CAE 해석 자동화 Agent • Multi-Agent System 기반 설계 자동화 • LLM 및 온톨로지 연구 • AI 관련 연구를 하신 석사 및 박사 또는 관련 기업 경험(2년 이상)을 보유하신 분 • 기계공학, 컴퓨터공학, 전자공학, 산업공학, 통계학, AI 등 관련 전공자 혹은 그에 준하는 실력을 갖추신 분 • AI를 이용한 제조 및 엔지니어링 문제 해결에 관심이 있는 분 • 새로운 기술을 빠르게 습득하고 전파하시는 분 • 우수한 커뮤니케이션 및 팀워크 능력을 갖추신 분 • 병역특례 지원 가능해요! • 엔지니어링 분야 AI 연구 수행 경험 • CAD, CAE, CAM, 최적설계 등 공학설계 영역의 경험 • 다양한 역학 분야(구조, 동역학, 열전달, 전자기, 유체 등)의 지식이 있으신 분 • 기계공학 학부를 하시고, 석사 또는 박사학위 동안 AI를 연구하신 분 • 3D 데이터와 LLM 관련 연구 경험이 있으신 분",2026.02.11,https://www.work24.go.kr/wk/a/b/1500/empDetailAuthView.do?wantedAuthNo=259098&infoTypeCd=CWT&infoTypeGroup=tb_workinfogubun
270562,AI scientist,퍼스트해빗,"Ontology 체계 설계 • 개념 분류 및 구조화 : 수학 교육에 필요한 주요 개념 분류 및 구조화 • 관계성 파악 및 Ontology 체계화 : 개념 간의 관계성을 분석하고 다양한 타입의 Edge로 연결하여, GraphDB를 활용한 데이터베이스의 Ontology화 AI 시스템 개발 •AI 파이프라인 설계: RAG(Retrieval-Augmented Generation), LangChain, LangGraph 등을 활용한 AI Tutor 파이프라인 설계 •DB 접목 및 시스템 개발: Ontology화된 DB와 AI 파이프라인을 통합하여, 실제 교육 상황에서 학생의 질문에 적절하게 대응할 수 있는 AI 대화 시스템 개발 •시스템 최적화: 개발된 AI 대화 시스템의 성능 최적화 및 유지 보수 최신 AI 기술 연구 및 분석 •최신 AI 기술 트렌드를 지속적으로 조사하고, 각 기술의 원리와 가능성 평가 •사용자 경험, 인터페이스, 성능 관점에서 기술의 적용 가능성 검토 AI 기술 전략 개발 및 구현 •제품 목표 및 요구 사항을 이해하고, 이를 바탕으로 AI 기술 적용 방안 모색 •연구 결과를 바탕으로 AI 기술을 활용한 새로운 기능 및 개선 사항을 제안하고, 프로젝트 계획 및 실행 •AI 관련 학과 전공 (석사 이상) •AI 및 딥러닝 경력 5년 이상 •최신 AI 분야의 연구 동향을 파악하고, 이를 직접 구현하실 수 있으신 분 •RAG, Langchain, LangGraph와 같은 Agentic AI (AI Flow Engineering) 분야 연구 경험이 있으신 분 •Multi-Modal AI 기능 구현 프로젝트 진행 경험이 있으신 분 •데이터 가공 및 DB설계 경험이 있는 분 •Pytorch, Tensorflow 등으로 대표되는 ML Framework 중 1개 이상에 대한 높은 숙련도가 있으신 분 •새로운 것을 두려워하지 않고, 지속적인 성장을 원하시는 분 •Multimodal LLM 관련 전공자 •Agentic AI 관련 전공자 •GraphDB 관련 전공자 •온톨로지 기반 데이터 모델링 경험 및 RDF, OWL, SPARQL, GraphDB, Neo4j 사용 경험이 있으신 분 •Reasoning AI 관련 전공자 •AI 관련 주요 학회 또는 저널에 게재된 논문에 주요 저자로 참여하신 경험이 있으신 분 •AI 프로젝트를 주도적으로 리딩해본 경험이 있는 분 •수학 혹은 수학교육 관련 학과 전공자 •수학 과목 과외 및 강의 경험자 •온/오프라인 학습 서비스의 사용자 경험(튜터 / 학생 무관)이 있으신 분",,https://www.work24.go.kr/wk/a/b/1500/empDetailAuthView.do?wantedAuthNo=270562&infoTypeCd=CWT&infoTypeGroup=tb_workinfogubun
290649,AI 개발자,아일리스,"금융, 유통, 물류, 제조 등 다양한 산업 환경에서 활용 가능한 B2B 특화형 AI Agent 시스템의 기획 및 개발 클라우드 및 온프레미스 환경 모두에 적용 가능한 경량화된 AI 모델 및 에이전트 설계 LLM 및 Generative AI 기술 기반의 도메인 맞춤형 에이전트 구현 RAG, 멀티모달 모델, MCP 구조 등 최신 AI 아키텍처 적용 및 실험 사내 AI 파이프라인 구축 및 성능 최적화 전반 3년~5년 AI, ML, DS 관련 시스템 개발 및 운영 경험 LLM, Generative AI, AI Agent 관련 시스템 개발 및 운영 경험 다양한 도메인(금융, 유통, 물류, 제조 등)에 맞는 맞춤형 AI 모델 개발 경험 RAG, 멀티모달 모델, MCP(Model-Chaining Pipeline 등) 관련 설계 또는 구현 경험 모델 경량화, 추론 최적화 등 효율적 운영을 위한 기술 적용 경험 Python, PyTorch, TensorFlow, Hugging Face Transformers 등 ML 라이브러리 실무 역량 프로젝트 요구사항 분석 및 문제 해결 능력 소프트웨어공학, 컴퓨터공학 또는 관련 전공자 다양한 직군 및 이해관계자와 원활한 커뮤니케이션 역량 관련 포트폴리오 제출 필수 (담당 역할 및 기여도 명시) LLM API(OpenAI, Claude, Gemini 등) 및 LangChain, LlamaIndex 등의 LLM 프레임워크 경험 대규모 사용자 대상 B2B SaaS 또는 AI 서비스 구축/운영 경험 Vector DB, 검색 인덱싱, 텍스트 임베딩 처리 등 RAG 구성요소에 대한 실무 경험 MLOps 및 CI/CD 파이프라인 구축 경험 영어 또는 일본어 가능자",2026.01.01,https://www.work24.go.kr/wk/a/b/1500/empDetailAuthView.do?wantedAuthNo=290649&infoTypeCd=CWT&infoTypeGroup=tb_workinfogubun
302164,Backend Engineer (AI Platform Application),마키나락스,"• 다양한 ​AI Agent ​및 AI 플랫폼 기능을 사용자가 쉽게 활용할 수 있도록 어플리케이션 형태로 구현합니다. • REST API·DB 스키마 설계 및 구현하며 성능을 최적화합니다. • OIDC/OAuth2 기반 인증·인가 연동 및 보안 정책을 적용합니다. • 마키나락스의 플랫폼(Kubernetes 기반)에서의 서비스 배포 및 운영을 지원합니다. • 효율적인 협업을 위해 팀 내외부와의 기술 공유·코드 리뷰·아키텍처 토론에 적극 참여합니다. • 5년 이상의 ML/DS 관련 경력 또는 그에 준하는 역량을 갖추신 분 • CS 기초 지식(자료구조, 운영체제, 컴퓨터 시스템 아키텍처 등)이 탄탄하고 Git 을 활용한 버전 관리 및 코드 협업 경험이 있는 분 • REST API 에 대한 이해가 깊으며, 어플리케이션을 위한 API 및 DB 디자인에 능숙하신 분 • Kubernetes 및 컨테이너 환경에서의 애플리케이션 개발 및 운영 경험이 있는 분 • OIDC/OAuth2 기반 SSO의 원리를 이해하고 있으며, Keycloak 등 외부 IdP와의 인증 흐름을 백엔드에 통합할 수 있는 분 • Github/Gitlab Action 등을 이용한 CI/CD 기술로 고객에게 서비스를 배포한 경험이 있는 분 • Python에 능숙하고, FastAPI를 사용한 Async API 서버를 개발하실 수 있는 분 • Istio 기반 서비스 메쉬의 동작 원리를 이해하고 활용할 수 있는 분 • MLOps 또는 AI/ML 플랫폼 관련 개발 경험 • RDBMS의 성능 및 트랜잭션을 모두를 고려하여 활용할 수 있는 분 • 확장성과 유지보수를 고려한 아키텍처 설계 능력이 있는 분 • CI/CD 도구를 활용한 서비스 배포 자동화 또는 운영 경험이 있는 분",2026.02.12,https://www.work24.go.kr/wk/a/b/1500/empDetailAuthView.do?wantedAuthNo=302164&infoTypeCd=CWT&infoTypeGroup=tb_workinfogubun
303541,AI Research Engineer (LLM Application),시나몬,"• 사용자 프롬프트와 대본을 분석해 배경, 캐릭터, 대사 등 영상 제작의 핵심 요소를 추출하는 기술 연구개발 • 대본 내용을 바탕으로 씬 구성, 캐릭터 배치, 행동 계획 등을 설계하는 플래닝 기술 연구개발 • 생성된 플래닝 데이터를 자체 3D 영상제작 플랫폼(CineV)에 통합 가능하도록 설계 • 각종 연구결과물을 문서화하여 내/외부에 공유 • Python과 LLM 오케스트레이션 툴(Langchain 등)을 능숙하게 다루실 수 있는 분 • LLM Application & Agent 개발 경험 • 자연어 처리(NLP) 및 LLM(Large Language Model) 관련 프로젝트 경험 • 뛰어난 문제 해결 능력을 갖추신 분 • 원활한 커뮤니케이션 및 협업 능력을 보유하신 분 • LLM 모델을 실제 서비스에 적용해 본 경험 • 관련 분야 석/박사 학위 또는 그에 준하는 실무 경력 • 뛰어난 소프트웨어 엔지니어링 역량 • 4인 이상의 팀 또는 프로젝트를 성공적으로 리드한 경험 • LLM 코딩 에이전트를 개발에 활발하게 활용하시는 분 • 주요 AI/ML 학회 또는 저널 논문 게재 실적",2025.12.18,https://www.work24.go.kr/wk/a/b/1500/empDetailAuthView.do?wantedAuthNo=303541&infoTypeCd=CWT&infoTypeGroup=tb_workinfogubun
304207,AI Agent PM (오산),아이제라,"AI 기술을 통해 식품 제조 현장의 문제를 해결하고, 고객의 성공을 이끄는 핵심적인 역할을 수행합니다. • AI 서비스 프로젝트 기획 및 관리: 식품 제조 현장에 부합하는 AI 예측모델 및 AI Agent를 활용한 플랫폼 구축 프로젝트의 A to Z를 책임지고 관리합니다. • 고객 요구사항 분석 및 솔루션 제안: 고객과의 직접적인 소통을 통해 핵심 요구사항을 파악하고, 최적의 AI 솔루션을 기획하여 제안합니다. • 프로젝트 실행 및 진척 관리: 프로젝트의 범위, 일정, 리소스, 품질을 관리하며 계획된 마일스톤을 달성하고, 위험 요소를 사전에 식별하고 해결합니다. • 내/외부 협업 및 커뮤니케이션 리딩: 개발팀, 사업팀 등 내부 유관부서 및 고객사와의 긴밀한 협업을 주도하여 프로젝트 성공을 이끕니다. • 프로젝트 산출물 관리: 제안서, 요구사항 정의서, WBS, 완료 보고서 등 프로젝트 수행에 필요한 핵심 문서를 작성하고 관리합니다. • 프로젝트 관리 경험: IT 서비스 또는 AI 기반 솔루션 기획 및 프로젝트 관리(PM) 경력을 보유하신 분 • AI 기술 이해: LLM, RAG, 벡터 DB 등 최신 AI 기술 및 개발 프로세스에 대한 이해도를 갖추신 분 • 탁월한 커뮤니케이션 능력: 고객사, 프로젝트 팀, 경영진 등 다양한 이해관계자와 명확하고 효과적으로 소통하고 협업을 이끌어낼 수 있는 분 • 사업 PM 경험: 프로젝트 제안서 및 수행 계획 등 핵심 문서를 논리적으로 작성할 수 있는 분 • 주도적인 실행력: 목표 달성을 위해 주도적으로 프로젝트를 이끌고 책임감 있게 완수하는 분 • AI 관련 서비스 개발 프로젝트 관리 경험이 있으신 분 • LangChain, LangGraph 등 LLM 프레임워크 기반 서비스 개발 프로젝트에 참여한 경험이 있으신 분 • 제조/식품 산업 도메인 지식을 보유하신 분 • 정부 지원 및 R&D 과제를 수행해 본 경험이 있으신 분 • 다수의 프로젝트를 동시에 관리하는 멀티태스킹 역량이 뛰어난 분",2026.02.12,https://www.work24.go.kr/wk/a/b/1500/empDetailAuthView.do?wantedAuthNo=304207&infoTypeCd=CWT&infoTypeGroup=tb_workinfogubun
310971,Software Engineer,퍼슬리,"• 장애 대응, 앱스토어 심사, QA 등등 LLM을 활용해서 자동화 할 수 있는 개발 프로세스를 모두 완전 자동화합니다. • 코딩 에이전트가 최적의 성능을 발휘할 수 있도록 코드베이스와 Context manager를 설계 합니다. • 퍼슬리 서비스의 유지 보수 및 기술부채 관리를 주도합니다. • 단순 기능 구현을 넘어, AI Native한 개발 환경을 정의하고 팀 전체의 생산성을 이끌어냅니다. • React Native, Next.js, Node.js 등 JS/TS 생태계에서 5년 이상의 깊이 있는 경험 혹은 그에 준하는 역량을 보유하신 분 • Cursor, Claude Code 등 AI 툴을 단순 보조가 아닌 핵심 워크플로우로 활용하여 개발 생산성을 극대화할 수 있는 분 • 복잡한 비즈니스 요구사항을 간결하고 확장 가능한 클라우드 아키텍처(Supabase, GCP)로 설계할 수 있는 분 • B2C 프로덕트의 초기 설계부터 배포, 운영, 스케일업까지의 전 과정을 주도적으로 경험하신 분 • LangChain, LangGraph 등을 활용해 RAG, Multi-agent 시스템을 실제 프로덕션 환경에 적용해 본 경험 • 오픈소스 기여 등 개발 생태계에 지식을 공유하고 영향력을 미친 경험 • 폭발적으로 성장하는 초기 스타트업 환경에서 주도적으로 문제를 정의하고 해결책을 제시하는 태도",2026.01.22,https://www.work24.go.kr/wk/a/b/1500/empDetailAuthView.do?wantedAuthNo=310971&infoTypeCd=CWT&infoTypeGroup=tb_workinfogubun
312330,Backend Developer(추천시스템),넥스트증권,"- AI ​기반 신사업 서비스의 ​추천 ​시스템 ​설계·개발·운영 합니다. - 멀티모달 모델 ​추론 최적화(지연 ​시간, ​메모리, 비용 ​관리)를 진행하고 ​추천 ​시스템에 적용합니다. - 대규모 사용자 ​트래픽 대응을 ​위한 스케일링·로드밸런싱을 고려하여 아키텍처/인프라를 개선하고 확장합니다. - 5년 이상의 백엔드 엔지니어링 경력 - 추천 시스템 개발의 라이프사이클 전체에 익숙하신 분 - 대규모 ML 서빙 아키텍처 설계 및 운영 경험 (Kubernetes, Docker, Ray Serve 등)이 있으신 분 - 스스로 트레이드오프를 판단하여 의사결정 내리고 실행할 수 있는 분 - ML 기반 프로젝트를 바탕으로 실 서비스에서 비즈니스 임팩트를 만들어보신 분 - LLM 추론 최적화 경험 (Flash Attention, Quantization, TensorRT 등)이 있으신 분 - 금융 서비스 특화 SLA 관리 및 Latency/Throughput 최적화 경험이 있으신 분 - Datadog, Prometheus, Grafana 기반 MLOps/Observability 경험이 있으신 분 - 다음과 같은 추천 시스템의 각 컴포넌트에 대해 하나 이상의 깊은 이해도와 경험이 있으신 분 1) 데이터 인제스쳔, 로그 파이프라인 2) 피처 스토어 인프라 운영 관리 3) 모델 서빙 인프라 운영 관리 4) 실시간 추천 Retrieval 시스템 5) 랭킹/후처리 엔진 6) AB 테스트, 실험 플랫폼 7) 모니터링, 운영 자동화",,https://www.work24.go.kr/wk/a/b/1500/empDetailAuthView.do?wantedAuthNo=312330&infoTypeCd=CWT&infoTypeGroup=tb_workinfogubun
315036,ML Research Scientist,퍼스트해빗,"프롬프트와 컨텍스트 아키텍처 설계 및 개선 · 요구사항과 시스템 목적에 맞는 프롬프트 구조 및 컨텍스트 레이어 설계 · 모델 응답 품질·속도를 극대화하기 위한 전략 수립 · 프롬프트·컨텍스트 버전관리 및 서비스 환경 성능 모니터링 운영 · Agent Workflow와 연결되는 context planning(요약, 정제, 구조화) 설계 에이전트 파이프라인 설계 · 모델·툴·데이터소스 간 상호작용을 설계한 Agent Workflow 구축 · 실패 케이스 모니터링 및 복원력·효율성 개선 · Agentic Routing, Tooling, Fallback 전략 설계 및 최적화 모델 평가(BMT) 및 적용 · 도메인 맞춤형 벤치마크 테스트(BMT) 설계 · 모델 성능의 정량적·객관적 평가 체계 구축 · 평가 결과를 서비스 적용 전략으로 연결 · 프론트엔드: HTML, CSS, JS에 대한 이해 · 백엔드: Python, FastAPI 기반 스트리밍(WebSocket) 서버 개발 가능 · AI Flow Engineering: LangChain, LangGraph 개발 경험 또는 이해 · MCP 세팅 및 활용에 대한 이해 · AI 자체에 관심이 많고 Agentic Pipeline, 서버·API 세팅 등에 적극적인 분 · 스펙이 정리되길 기다리기보다 다양한 탐색으로 Agile하게 움직이는 연구형 개발자 · GraphDB / GraphRAG 분야 이해도 또는 연구 경험 · 프롬프트 구조, 컨텍스트 레이어링, 데이터/툴 참조 구조 등의 아키텍처를 설계하고 성능을 개선해본 경험 · 기술 검증(PoC), 논문 리뷰, 오픈소스 분석 경험 · Frontend 파트와 협업 시 시각화까지 이어지는 흐름을 즐기시는 분 · HTML / CSS / JS 등 웹 언어 경험 보유 · 컴퓨터공학 기반의 시스템 설계 능력 · 다양한 경력과 함께 AI 활용에 열정이 넘치는 인재",2025.12.31,https://www.work24.go.kr/wk/a/b/1500/empDetailAuthView.do?wantedAuthNo=315036&infoTypeCd=CWT&infoTypeGroup=tb_workinfogubun
318880,[인턴] AI Engineer,렛서,"B2B 기반 AI 문제 발굴 • 고객사 및 내부 이해관계자와의 미팅을 통해 비즈니스 요구사항 수집 및 분석 • 고객 비즈니스 프로세스를 이해하고 AI 적용 가능 영역을 도출 • 발굴된 문제를 데이터 관점에서 정의하고, AI/LLM 적용 가능성 평가 발굴된 AI 문제 검증 • 수집한 데이터를 기반으로 문제 정의의 타당성을 검증 • PoC(Proof of Concept) 또는 파일럿 프로젝트를 통해 AI 적용 효과를 실험 • 검증 과정에서 발견된 한계점 및 개선사항 도출 • 업무에 AI를 적극적으로 활용해 생산성을 높이시는 분 • 비즈니스 문제를 논리적으로 정의하고 해결 방안을 제시할 수 있는 역량을 보유하신 분 • AI 도메인 지식을 활용해 문제를 AI가 해결할 수 있는 형태로 구조화하실 수 있으신 분 • LLM 또는 AI API 기반 모듈 개발 경험을 보유하신 분 • 사내외 개발자 및 기획자와의 커뮤니케이션을 하실 수 있으신 분 • 고객 대응 및 프리세일즈 과정에서 기술 설명 및 데모 경험이 있으신 분 • B2B IT 서비스 기획 및 고객 요구사항 분석, 기술 컨설팅 경험이 있으신 분 • 클라우드 환경(AWS) 및 기초적인 CS에 대한 이해가 있으신 분",2025.12.17,https://www.work24.go.kr/wk/a/b/1500/empDetailAuthView.do?wantedAuthNo=318880&infoTypeCd=CWT&infoTypeGroup=tb_workinfogubun
319759,AI SW Engineer - Agentic AI(3년 이상),엣지크로스,"· 산업용 LLM 기반 AI Agent 시스템 설계 및 개발 · Multi-AI Agent Orchestration 기반의 기계 지능화(AX, AI Transformation) 플랫폼 개발 · RAG(Retrieval-Augmented Generation) 파이프라인 설계 및 최적화 · Prompt Engineering 및 멀티모달 데이터 프로세싱 알고리즘 개발을 통한 AI Agent 성능 향상 · 기계와 현장이 실시간으로 상호작용할 수 있는 Agentic AI 아키텍처 구현 · 학력 : 컴퓨터공학, 전자공학, 인공지능 관련 학사 이상 또는 이에 준하는 경력 · AI Agent 개발 또는 AI 모델 개발 경험 3년 이상 · 산업 현장, 기계, IoT 등 물리적 세계에 AI를 연결하는 일에 열정을 가지신 분 · Agentic AI 시스템 개발 전문가로의 커리어를 만들어가고 싶은 분 · AI 관련 석사 또는 박사학위 소지자 · LLM 기반 AI Agent 시스템 개발 또는 서비스 운영 경험 · MLOps / LLMOps 구축 및 운영 경험 · RAG, Vector DB, Prompt Engineering 경험 · 예지 보전 알고리즘, 시계열 분석, 신호 처리 분야 지식 · 산업 AI, OT/IT 융합, Smart Factory 등 산업 지능화 프로젝트 경험",2026.02.10,https://www.work24.go.kr/wk/a/b/1500/empDetailAuthView.do?wantedAuthNo=319759&infoTypeCd=CWT&infoTypeGroup=tb_workinfogubun
320257,AI 풀스택 엔지니어,마드라스체크(플로우),"• Flow AI 시스템 에이전트(Agent)의 설계 및 개발 • OpenAI GPT, Claude, Gemini 등 LLM API를 활용한 기능 구현 • LangGraph, LangChain 등 LLM 프레임워크 기반의 에이전트 아키텍처 설계 및 구축 • 프롬프트 엔지니어링과 워크플로우 자동화 도구의 기획·구현• • JavaScript 생태계 전반(Next.js, NestJS, LangChain.js 등)에 익숙하신 분 • AI 프롬프트 엔지니어링 경험 필수 • LangChain, LangGraph 등 LLM 프레임워크를 활용한 RAG·Agent 프로젝트 개발 경험 (GPT, Claude, Gemini) • Flow, Teams, Slack, Jira, Trello, Notion 등 협업툴에 대한 이해와 관심 • PostgreSQL, Redis 기반의 데이터 및 캐시 설계·개발 경험 • LLM, Embedding, Re-ranking 개념에 대한 기본 이해 • RAG, Agent, MCP 등 LLM 관련 최신 트렌드를 꾸준히 학습하고 탐구하시는 분 • Git을 활용한 버전 관리 및 브랜치 기반 협업 경험 • 사이드 프로젝트를 기획·운영해본 경험 • 무언가에 깊이 몰입하는 즐거움을 아는 분",2026.02.03,https://www.work24.go.kr/wk/a/b/1500/empDetailAuthView.do?wantedAuthNo=320257&infoTypeCd=CWT&infoTypeGroup=tb_workinfogubun
320477,AI Agent 개발자,멋쟁이사자처럼,"• 비즈니스 요구를 이해하고, 그에 맞는 LLM 기반 프롬프트와 AI 에이전트 인터페이스를 설계하고 개발해요. • GPT, Claude, Gemini 등 다양한 AI 모델을 프론트엔드에서 다루며, 사용자 경험·성능·비용을 모두 고려한 최적의 인터랙션을 만들어가요. • 내부 도메인 지식과 문서 데이터를 활용해 RAG나 Multi-Agent 기반 UI/UX를 한층 더 고도화해요. • React나 Next.js 같은 모던 프론트엔드 프레임워크에서 LLM을 연동하고 사용자 인터페이스를 설계해본 경험이 있으면 좋아요. • Chain-of-Thought, Few-shot Learning 등 주요 프롬프트 엔지니어링 기법을 이해하고, 실제 프로젝트에 적용해보셨다면 더욱 잘 맞을 거예요. • GPT, Claude 등 대규모 언어모델의 특성과 한계를 이해하고, 목적에 따라 최적의 프롬프트 구조를 설계할 수 있다면 좋아요. • 영어 기술 문서를 무리 없이 읽고, 영문 프롬프트를 논리적이고 정확하게 작성할 수 있다면 큰 강점이에요. • OpenAI API, Anthropic Claude API 등을 프론트엔드에서 직접 연동해보고, 스트리밍 응답까지 처리해본 경험이 있으시면 좋아요. • AI 채팅 인터페이스, 실시간 콘텐츠 생성 등 LLM 기반 프로덕트를 실제로 만들어본 경험이 있다면 큰 강점이 돼요. • TypeScript로 타입 안전한 LLM API 통합을 구현해보신 분이라면 더욱 잘 맞아요. • Vercel AI SDK, LangChain.js 같은 프론트엔드 AI 도구를 활용해 본 경험이 있으면 도움이 돼요. • Server-Sent Events(SSE)나 WebSocket을 활용해 실시간 통신을 구현해본 적이 있다면 더욱 잘 맞을 거예요. • 프롬프트 최적화를 통해 실제 사용자 경험을 개선해본 사례가 있다면 더욱 반가워요.",2025.12.17 ,https://www.work24.go.kr/wk/a/b/1500/empDetailAuthView.do?wantedAuthNo=320477&infoTypeCd=CWT&infoTypeGroup=tb_workinfogubun
321495,AI 데이터 솔루션 풀스택 개발자 (4년 이상),로이드케이,"• API 서버 개발 및 운영 (Python / FastAPI 등) • Airflow 기반 데이터 파이프라인 설계 및 운영 • LLM·LangChain·Vector DB 활용 등 개발 • AI/데이터 프로젝트 수행 및 고객사 시스템 통합 • Python 기반 서버 개발 경험 (FastAPI, Flask 등)이 있는 분 • 데이터 파이프라인 또는 워크플로우 설계/운영 경험(Airflow 등)이 있는 분 • RESTful API 설계 및 운영 경험이 있는 분 • Linux 환경에서의 서비스 배포 및 운영 경험이 있는 분 • 협업 도구(Jira, Git, Slack 등) 활용 및 프로젝트 단위 협업 능력이 있는 분 • LLM/RAG 시스템 개발 또는 LangChain, Vector DB 사용 경험이 있는 분 • 대규모 데이터 처리, ETL 자동화, AI 학습용 데이터 구성 경험이 있는 분 • 클라우드 환경(AWS, GCP, Azure 등) 개발 및 CI/CD 경험이 있는 분 • 공공기관 또는 대기업 프로젝트 수행 경험이 있는 분",2026.01.28,https://www.work24.go.kr/wk/a/b/1500/empDetailAuthView.do?wantedAuthNo=321495&infoTypeCd=CWT&infoTypeGroup=tb_workinfogubun
321639,Data Analyst (Business),라이너(Liner),"• 사업의 성장, 수익성, 운영 효율을 이해하기 위해 핵심 사업 지표(KPI)를 정의하고 관리해요 • 매출, 비용, 공헌이익, LTV 등 손익 구조를 데이터 기반으로 분석하고 인사이트를 도출해요 • 다양한 조직(Finance, Marketing, Business)에서 발생하는 데이터를 통합해 Standard Metric 체계를 만들고, 실질적인 사업 성과를 측정 및 기회 영역을 발굴하기 위한 분석을 지원해요 • 사업 성과 모니터링을 효율적으로 하기 위해 필요한 대시보드를 구성하고 자동화 해요 • 데이터 흐름을 이해하고, 사업 분석에 필요한 데이터가 정확히 쌓일 수 있는 환경을 유지해요 • Business Analysis, Data Analysis, FP&A, Strategy 등 사업 및 손익 관련 분석 경험을 5년 이상 보유하신 분 • 매출, 비용, 마케팅 효율, LTV, 리텐션 등 프로덕트 기반의 핵심 지표를 깊이 이해하는 분 • 지표 정의 표준화, 데이터 마트 설계 등으로 지속가능한 KPI 체계를 구축해본 경험이 있는 분 • SQL 기반의 데이터 추출, 정제를 능숙하게 수행할 수 있는 분 • Spreadsheet, Looker, Tableau 등 BI 도구를 사용해 자동화된 대시보드를 운영해본 경험이 있는 분 • 어려운 지표 또는 분석 결과를 쉽게 설명하고 설득력있게 스토리텔링할 수 있는 분 • 여러 조직의 이해관계자와 협업하며 문제를 구조화하고 데이터 기반의 의사결정을 지원한 경험이 있는 분 • Subscription 기반 서비스의 수익 구조를 분석해본 경험이 있는 분 • 파트너십 모델(전략적 제휴, 프로모션, Referral 등)의 성과 분석 체계를 설계하고 운영한 경험이 있는 분 • 재무 모델링(FP&A)를 포함해 사업 지표에 대한 시뮬레이션 모델을 구성할 수 있는 분 • SQL과 Python을 활용한 지표 자동화 파이프라인 구축 경험이 있는 분 • IR 목적의 데이터 리포팅 또는 투자 유치 과정에서의 Data Room 구성 경험이 있는 분 • 복잡한 비즈니스 로직으로 인한 지표 정합성 문제를 해결한 경험이 있는 분",2026.02.04,https://www.work24.go.kr/wk/a/b/1500/empDetailAuthView.do?wantedAuthNo=321639&infoTypeCd=CWT&infoTypeGroup=tb_workinfogubun
322046,AI agent 엔지니어,아이제라,"• LLM+RAG 에이전트 설계, 도메인 지식기반 구축, 운영자동화/도구연동 구현 • 멀티에이전트(워크플로) 설계 및 외부 시스템(Teams/Kakao, ERP/MES) 연동 • 프롬프트 엔지니어링·평가·가드레일 설계 및 비용/지연시간 최적화 ㆍ경력 : 경력 5년~ ㆍPython/TypeScript 숙련 ㆍFastAPI/Express 중 1개 이상 실무 배포 경험 ㆍLLM 프레임워크 경험(LangChain/LlamaIndex/AutoGen/MCP 등 1개 이상) ㆍRAG 파이프라인 설계 경험 보유(문서 전처리, 청킹·임베딩, 벡터DB: FAISS/Pinecone 등) ㆍ툴 호출/함수호출·에이전트 오케스트레이션(태스크 플래닝, 메모리, 안전장치) 구현 경험 ㆍ권한/보안·비용관리 경험(토큰 사용량 모니터링, 캐싱, 레이트리밋) ㆍ배포·운영 경험(Docker/K8s, GitOps, 로깅·모니터링, A/B 테스트) ㆍ관련 전공 학사 이상 ㆍOpen-WebUI/사내 포털 커스터마이즈 경험, 플러그인·오버레이 UI 구현 경험 보유함 ㆍReact(또는 Svelte) 숙련, SPA/SSR(Next.js or SvelteKit)로 내부 툴 제작 경험 보유함 ㆍ상태관리(Zustand/Redux/Signals 등), 폼/테이블/모달 등 복합 UI 컴포넌트 설계 경험 보유함 ㆍTailwind·shadcn/ui·Vite 사용 경험 및 디자인 시스템 운영 경험 보유함 ㆍ실시간 인터랙션(WebSocket/SSE)로 스트리밍 출력, 토큰 사용량/비용 실시간 표시 구현 경험 보유함 ㆍ파일 업로드·문서 파싱(OCR 포함)·RAG 플레이그라운드(UI에서 청킹/임베딩 파라미터 조절) 구현 경험 보유함 ㆍRBAC/OAuth2(예: Azure AD, MS Graph)·감사로그·비밀관리 연동 경험 보유함",,https://www.work24.go.kr/wk/a/b/1500/empDetailAuthView.do?wantedAuthNo=322046&infoTypeCd=CWT&infoTypeGroup=tb_workinfogubun
325529,Agentic 응용앱 개발자,다키클라우드코리아,"• LLM 기반 Agentic 애플리케이션 설계 및 개발. • Retrieval-Augmented Generation(RAG), Tool-Use, Multi-Agent Workflow 설계 및 구현. • 대규모 모델을 활용한 대화형 서비스, Copilot, AI Workflow 자동화 애플리케이션 개발. • 모델/Agent 성능 평가 및 실사용 환경에서의 안정성 검증. • API, SDK, Web/App 연동을 통한 AI 서비스 통합. • 최신 Agentic Frameworks(LangChain, LlamaIndex, AutoGen, Agno, CrewAI 등) 탐색 및 적용. • AI 애플리케이션 개발 2년 이상의 경험. • Python, TypeScript 등 서비스 개발에 필요한 언어 능숙. • LangChain, LlamaIndex, AutoGen, Haystack, Agno, CrewAI 등 Agentic Framework 활용 경험. • OpenAI, Anthropic, Hugging Face, NVIDIA 등 주요 LLM API/SDK 활용 경험. • RESTful API, GraphQL, gRPC 등을 통한 시스템 연동 경험. • 데이터 처리, 검색 엔진(ElasticSearch, Weaviate, Milvus 등)과의 통합 경험. • UX/UI 팀과 협업하여 사용자 친화적인 AI 인터페이스 구현 가능. • 실무에서 RAG, Multi-Agent, Workflow Orchestration 프로젝트 경험. • 클라우드(AWS, Azure, GCP) 및 컨테이너(Kubernetes, Docker) 환경 배포 경험. • 실시간 애플리케이션(예: Copilot, 고객지원 Agent) 구현 경험. • 다양한 도구/서비스 연계를 통한 Agent Tool-Use 설계 경험. • 오픈소스 프로젝트 기여 또는 사이드 프로젝트 운영 경험.",2025.12.30 ,https://www.work24.go.kr/wk/a/b/1500/empDetailAuthView.do?wantedAuthNo=325529&infoTypeCd=CWT&infoTypeGroup=tb_workinfogubun
325530,딥러닝 리서처,다키클라우드코리아,"• 기업/도메인 특화 AI 모델 개발을 위한 **데이터셋 구축, 정제 및 관리**. • 사내/외부 데이터셋 기반 **모델 학습, 파인튜닝(Fine-tuning), 평가 체계** 설계 및 구현. • 대규모 언어 모델(LLM), 멀티모달 모델, 생성형 AI 모델을 기업 환경에 맞게 **최적화 및 커스터마이징**. • 최신 논문 및 연구 결과를 분석하여 **실제 서비스에 적용 가능한 기술**로 전환. • 모델 추론 효율화(TensorRT, vLLM, DeepSpeed 등) 및 **GPU/NPU 기반 분산 학습 전략 연구**. • 딥러닝 연구 또는 응용 분야 3년 이상의 경험. • 컴퓨터 과학, 전기전자 또는 관련 분야 석사 이상 학위. • PyTorch, TensorFlow 등 **딥러닝 프레임워크 활용 능숙**. • Transformer, Self-Supervised Learning, RLHF 등 **최신 학습 기법** 이해. • 데이터셋 구축 및 커스텀 파인튜닝 경험. • 논문 리서치 및 구현을 통한 **기술 실험·검증 경험**. • 기업/도메인 특화 LLM 또는 멀티모달 모델 개발 경험. • TensorRT-LLM, vLLM, Megatron-LM 등 **대규모 학습/추론 프레임워크 경험**. • 데이터 증강, 지식 주입(Knowledge Injection), Instruction Tuning 등 **파인튜닝 기법 적용 경험**. • 학제 간 연구(언어+비전, 언어+음성 등) 경험. • 생성형 AI/에이전트 시스템 연구 및 구현 경험.",2025.12.30,https://www.work24.go.kr/wk/a/b/1500/empDetailAuthView.do?wantedAuthNo=325530&infoTypeCd=CWT&infoTypeGroup=tb_workinfogubun
325838,백엔드 엔지니어,딥세일즈,"AI Agent가 실시간으로 데이터를 처리하고 판단할 수 있도록 고성능 백엔드 인프라를 설계하고 개발합니다. • Multi-Language 기반 서비스 개발: Node.js, Kotlin/Java(Spring Boot), Golang을 적재적소에 활용하여 마이크로서비스(MSA)를 설계하고 구현합니다. • 고성능 API 및 데이터 파이프라인 구축: AI 모델과 실시간으로 통신하는 gRPC/REST API 개발 및 대용량 데이터 처리를 위한 파이프라인을 최적화합니다. • 데이터베이스 아키텍처 설계 및 최적화: 서비스의 데이터 흐름에 맞는 최적의 DB(RDBMS, NoSQL)를 선정하고, 쿼리 튜닝 및 인덱싱 전략을 수립합니다. • 안정성 및 확장성 확보: 트래픽 스파이크에 대응할 수 있는 Auto-scaling 아키텍처를 구성하고, 시스템 모니터링 및 장애 대응 체계를 구축합니다. • Backend 개발 경력 5년 이상 혹은 그에 준하는 실력을 갖추신 분 • Polyglot 역량: Node.js, Kotlin/Java, Golang 중 하나 이상에 대해 Deep Dive 경험이 있으며, 나머지 언어도 거부감 없이 습득하고 활용할 수 있는 분 • 데이터 베이스 역량: RDBMS의 동작 원리(Transaction, Isolation Level, Indexing)를 명확히 이해하고 최적화해 본 경험 • 복잡한 비즈니스 로직을 SQL(PL/SQL 포함)로 능숙하게 구현할 수 있으며, JPA/TypeORM 등 ORM 기반의 아키텍처 환경에서도 유연한 데이터 모델링이 가능한 분 • AI/LLM 서비스 경험: LangChain/LangGraph, MCP, Vector DB 등을 활용해 본 경험이 있는 분 • 클린 아키텍처: Layered, Hexagonal 등 클린 아키텍처 패턴을 실무에 도입하여 비즈니스 로직과 외부 의존성(DB, UI 등)을 효과적으로 분리하고, 시스템의 유연성을 높여본 경험이 있는 분 • DevOps 마인드: AWS/GCP 클라우드 환경에서의 인프라 구성(Terraform, K8s) 및 CI/CD 파이프라인 구축 경험 • 비즈니스 문제 해결: 기술을 통해 비즈니스 임팩트를 만들어낸 구체적인 경험이 있는 분",2026.02.05 ,https://www.work24.go.kr/wk/a/b/1500/empDetailAuthView.do?wantedAuthNo=325838&infoTypeCd=CWT&infoTypeGroup=tb_workinfogubun
326282,AI Engineer,에이뉴트,"• LLM(Large Language Model) 기반 데이터 분석 시스템 설계 및 개발 • RAG(Retrieval-Augmented Generation) 파이프라인 구축 및 최적화 • 멀티모달 AI 시스템 개발 (텍스트 + 이미지 통합 분석) • 대규모 문서(XML, PDF 등) 파싱 및 전처리 자동화 • 프롬프트 엔지니어링 및 LLM 응답 품질 개선 • 벡터 DB 및 검색 시스템 설계 및 운영 • AI 모델 성능 모니터링 및 지속적인 개선 • 데이터 파이프라인 설계 및 ETL 프로세스 구축 • 학사 이상 (전공 무관, 컴퓨터공학/데이터사이언스 우대) • AI/ML 관련 실무 경력 2년 이상 • Linux/Unix 환경에서의 개발 및 운영 경험 • Git을 활용한 버전 관리 경험 • Object Detection, Image Segmentation 등 컴퓨터 비전 기술 이해 • RAG 시스템 구축 및 운영 경험 • VLM 활용 경험 • 문서 이미지 OCR 및 레이아웃 분석 경험 • 벡터 데이터베이스(Pinecone, Chroma, FAISS 등) 활용 경험 • LangChain, LlamaIndex 등 LLM 프레임워크 사용 경험 • 문서 파싱 및 대규모 문서 처리 경험 • 영어 기술 문서 읽기/작성 가능",2025.12.23,https://www.work24.go.kr/wk/a/b/1500/empDetailAuthView.do?wantedAuthNo=326282&infoTypeCd=CWT&infoTypeGroup=tb_workinfogubun
326661,Partner Backend 개발자,크림(KREAM),"• KREAM 파트너 센터/어드민 백엔드 개발 • KREAM 서비스 내 판매 관련 기능 백엔드 개발 • 외부 서비스용 API 개발 및 연동 • 성능 개선 및 최적화 • 파트너 관련 운영 이슈 및 요청 해결 • 기술 리뷰/피드백 등 협업 • 만 3년 이상의 백엔드 개발 경력 • Python Backend (FastAPI/Django/Flask 등) 개발 경험 • 대용량 DBMS (RDB, NoSQL) 설계 및 운영 경험 • Docker/Kubernetes 등 컨테이너 환경에 대한 이해 및 개발/운영 경험이 있으신 분 • 분산 서비스 시스템 설계 및 개발 경험이 있으신 분 • 대용량 및 비동기 API/배치 프로세스 개발 경험이 있으신 분 • AI Agent, MCP 서버 개발 등 AI 활용 개발 경험 및 역량을 보유하신 분 • Python 외 언어/프레임워크 기반 백엔드 개발 경험이 있으신 분 • 주도적으로 경계 없는 기여를 하고자 하는 마음을 가지신 분 • E-commerce 및 리셀 관련 도메인 경험 또는 관심이 있으신 분",2026.01.13,https://www.work24.go.kr/wk/a/b/1500/empDetailAuthView.do?wantedAuthNo=326661&infoTypeCd=CWT&infoTypeGroup=tb_workinfogubun
328640,AI Agent Engineer,파인더갭,"• LLM·VLM·Multi-Agent 기반 연구 성과를 실제 서비스 수준으로 구현하고 PoC Product 전환을 주도 • 모델·데이터·서빙을 통합한 AI 실행 체계 설계 및 SaaS 환경에서의 안정적 운영 구조 구축 • Agentic Workflow(LangGraph 등)를 활용한 다중 에이전트 아키텍처 설계 및 고도화 • 자동화·모니터링·배포 체계 구축을 통한 품질·성능·비용 최적화 • 보안팀·제품팀과 협업하여 AI 기반 보안 자동화 기능의 표준화 및 기술 내재화 추진 • Computer Science, AI, Software Engineering 등 관련 전공 또는 이에 준하는 실무 경험 • 프로덕션 레벨 소프트웨어 엔지니어링 경험(API 설계, 모듈화, 테스트, 배포 등) • PyTorch, FastAPI, Node/NestJS 등 주요 AI/백엔드 프레임워크 중 하나 이상 활용 경험 • Git 기반 협업 환경, PR 리뷰, 코드 품질 관리 경험 • 연구 결과를 실제 서비스에서 동작하는 제품 형태로 구현할 수 있는 엔지니어링 역량 보유 • LLM·VLM·Agent 기반 시스템 설계 및 최적화 경험 • 모델 서빙, 경량화, 성능 최적화, 데이터 파이프라인 등 AI 시스템 효율화 경험 • SaaS/Cloud 환경(AWS/GCP 등)에서 AI 서비스 개발 및 배포 경험 • LangChain, LangGraph, CrewAI 등 최신 Agentic Workflow 프레임워크 경험 • RAG, Tool Use, Function Calling 기반 파이프라인 설계·튜닝 경험 • 자동화·내재화·지식공유(오픈소스, 기술문서, 내부 프레임워크) 경험 • 보안 자동화, 침투테스트, 취약점 분석 플랫폼 등 관련 도메인 경험",2025.12.24,https://www.work24.go.kr/wk/a/b/1500/empDetailAuthView.do?wantedAuthNo=328640&infoTypeCd=CWT&infoTypeGroup=tb_workinfogubun
329701,Senior Frontend Engineer,여기어때투어,"[Frontend Engineering] • React 기반 웹 애플리케이션 설계 및 개발 (신규 서비스 구축 및 기존 서비스 고도화) • 렌더링 성능 최적화 및 로딩 속도 개선을 통한 사용자 경험(UX) 향상 • 기획, 디자인, 백엔드 팀과 협업하여 서비스 요구사항 분석 및 기능 구현 [AI Service Development] • OpenAI, Claude 등 LLM API를 활용한 챗봇 및 생성형 서비스 기능 개발 • RESTful API 및 다양한 Third-party(Slack, Notion 등) 서비스 연동 • AI 코딩 도구(Copilot 등)를 활용한 개발 생산성 향상 및 프로세스 개선 • 프론트엔드 개발 경력 5년 이상 • React(Hooks), TypeScript, 상태 관리 라이브러리(Recoil, Zustand 등)에 대한 숙련된 활용 능력 • 복잡한 API 문서를 분석하고 백엔드 및 외부 서비스와 원활하게 연동할 수 있는 능력 • 비효율적인 프로세스를 발견하고 기술적으로 개선하려는 주도적인 문제 해결 능력 • AI/LLM 활용 경험: LangChain, OpenAI API 등을 활용해 실제 프로덕트 레벨의 기능을 구현해 본 경험 • 스크립트 언어 활용: Python, Node.js 등을 이용해 간단한 크롤링이나 업무 자동화 스크립트를 작성해 본 경험 • 프롬프트 엔지니어링: LLM의 응답 품질을 높이기 위한 프롬프트 최적화 경험 • 성장 지향성: 새로운 AI 기술 트렌드(Vector DB, RAG 등)에 관심이 많고 빠르게 습득하시는 분",2025.12.18,https://www.work24.go.kr/wk/a/b/1500/empDetailAuthView.do?wantedAuthNo=329701&infoTypeCd=CWT&infoTypeGroup=tb_workinfogubun
330402,AI Agent Engineer,넥스트증권,"1) AI ​Agent ​시스템 개발 및 ​프로덕션화 · LLM 기반 ​자율 에이전트를 설계, 구축, 배포하여 개인화된 금융 컨텐츠 생성 및 추천 서비스 제공 · LangChain, LangGraph, AutoGen 등 에이전트 프레임워크를 활용한 멀티-에이전트 시스템 구축 · Function Calling, Tool Use, 프롬프트 엔지니어링을 통한 에이전트 행동 제어 및 최적화 · 에이전트 간 협업 프로토콜 및 오케스트레이션 워크플로우 설계 2) End-to-End Product 개발 · 실시간 사용자 피드백 기반 에이전트 성능 개선 및 이터레이션 · PM, 디자이너, 엔지니어와 긴밀히 협업하여 제품 요구사항을 기술 솔루션으로 구현 · 에이전트 신뢰성, 안정성, 확장성을 보장하는 프로덕션 시스템 구축 3) RAG 및 지식 관리 시스템 · 금융 데이터 소스(뉴스, 공시, 시장 데이터)를 활용한 RAG 시스템 구축 및 최적화 · 벡터 데이터베이스(Weaviate, Pinecone, Qdrant 등)를 활용한 시맨틱 검색 및 컨텍스트 관리 · 실시간 피처 파이프라인 개발 및 대규모 유저 행동 로그 처리 · 5년 이상의 AI/ML 엔지니어 또는 백엔드 엔지니어 경력 · AI Agent 개발 핵심 경험 · LLM 기반 에이전트 시스템을 프로덕션 환경에서 구축 및 배포한 경험 · Function Calling, Tool Use, 프롬프트 엔지니어링을 통한 에이전트 제어 경험 · LangChain, LangGraph, AutoGen 등 에이전트 프레임워크 사용 경험 · RAG 시스템 구축 경험 (벡터 DB, 시맨틱 검색, 컨텍스트 관리) · FastAPI, gRPC 등을 활용한 API 개발 및 백엔드 시스템 구축 경험 1) 제품 개발 및 사용자 중심 사고 · End-to-End 제품 개발 경험 (아이디어 → MVP → 프로덕션) · 사용자 피드백 기반 빠른 이터레이션 및 A/B 테스트 경험 · PM, 디자이너 등 비기술 팀과의 크로스-펑셔널 협업 경험 2) 고급 AI Agent 기술 · 멀티-에이전트 시스템 및 에이전트 간 협업 프로토콜 구현 경험 · 강화학습(RL) 또는 RLHF를 통한 에이전트 학습 경험 · LLM 파인튜닝 및 도메인 특화 모델 개발 경험 · 에이전트 평가 프레임워크 및 자동화된 테스팅 구축 경험 3) 플랫폼 및 인프라 · LLMOps 구축 및 운영 경험 (LangSmith, Helicone, LangFuse 등) · 하이브리드 클라우드 아키텍처 환경에서 AI 모델 학습 및 추론 경험 · Python 능숙 및 PyTorch/TensorFlow 등 딥러닝 프레임워크 활용 능력 · GPU 프로파일링/튜닝 경험 · Kubernetes/Docker 기반 컨테이너화 및 배포 경험 · 실시간 스트리밍 데이터 처리 파이프라인 구축 경험",2026.01.27,https://www.work24.go.kr/wk/a/b/1500/empDetailAuthView.do?wantedAuthNo=330402&infoTypeCd=CWT&infoTypeGroup=tb_workinfogubun
330496,BackEnd Engineer,파인더갭,"• 버그바운티 플랫폼 서비스 마이그레이션 프로젝트 • 인프라 / 서버 아키텍처 설계 • 보안인력 양성 교육 플랫폼 유지보수 • OpenVPN 서비스 유지보수와 사용자 접속 자동화 테스트 개선 및 접속로그 수집 파이프라인 개발 • 1개 이상의 서버 프로그래밍 언어를 능숙하게 다루시는 분 • 새로운 기술을 학습하는데 거부감이 없고, 빠르게 학습하는걸 즐기시는 분 • 네트워크 / OS 등 컴퓨터 공학 전반에 대한 기본 지식을 갖추신 분 • 다양한 사고로 서비스 아키텍처에 대한 설계와 고민을 하시는 분 • 단기적인 작업이 아닌 지속 가능한 서비스 개발을 위해 안전성, 생산성, 확장성을 고려하여 코드 품질에 기여할 분 • AWS, GCP, Azure 등 Public Cloud 환경에 대한 이해도가 있고, 서비스를 개발해 보신 분 • 다양한 관점을 가진 팀원들과 원활한 의사소통 및 협업을 하시는 분 • Spring Framework 생태계에 대한 이해도가 깊으신 분 • 기존 서비스를 다른 언어나 환경으로 마이그레이션 해본 경험이 있으신 분 • Terraform / Pulumi 와 같은 IaC 플랫폼으로 인프라를 구축해보신 분 • DDD Layered Architecture 에 대한 이해가 있으신 분 • 테스트 코드에 대한 자신만의 생각이 있으신 분 • LangChain / RAG 등 AI 에 대한 지식이 있거나 관심이 많으신 분",2026.02.13,https://www.work24.go.kr/wk/a/b/1500/empDetailAuthView.do?wantedAuthNo=330496&infoTypeCd=CWT&infoTypeGroup=tb_workinfogubun
330894,LLM/AI 엔지니어 (LLM/AI Engineer),베이비챗,"인프라 & 운영 • 대규모 LLM 인퍼런스(Inference) 인프라를 설계하고 최적화해요. • GPU 클러스터 환경에서 모델 서빙 및 성능 튜닝을 담당해요. • 수백만 유저를 감당할 수 있는 확장 가능한 LLM 서비스 아키텍처를 구축해요. 모델 학습 & 데이터 • LLM 파인튜닝을 위한 데이터 정렬(Alignment) 파이프라인을 구축해요. • 분산 학습 환경(Distributed Training)에서 모델 트레이닝 및 실험을 관리해요. • AI 캐릭터와의 대화 품질을 높이기 위한 고품질 학습 데이터를 큐레이션하고 전처리해요. 시스템 개발 • RAG(Retrieval-Augmented Generation) 시스템을 설계하고 구현하여 캐릭터의 대화 품질을 고도화해요. • 대화 컨텍스트 관리 및 프롬프트 엔지니어링을 최적화해요. • LLM 에이전트(Agent) 시스템을 개발하고 고도화하여 캐릭터가 더 다양한 기능을 수행할 수 있도록 만들어요. 다음 중 최소 1개 영역 이상에서 실무 경험이 필수예요. • (인프라) vLLM, SGLang 등 대규모 LLM 인퍼런스 처리 경험 • (트레이닝) GRPO, SFT, DPO 등 데이터 정렬 및 모델 학습 경험 • (시스템) RAG 시스템 또는 LLM 에이전트 구현 경험 인프라 영역 • Kubernetes, Docker 기반 컨테이너 오케스트레이션 경험 • AWS/GCP/Azure 등 클라우드 환경 운영 경험 • 모델 양자화(Quantization) 및 최적화 기술 이해 트레이닝 영역 • PyTorch 등 분산 학습 프레임워크 경험 • Hugging Face 생태계 활용 경험 • Instruction tuning 데이터셋 설계 경험 시스템 영역 • 벡터 데이터베이스(Vector DB) 활용 경험 • LangChain, n8n 등 LLM 프레임워크 경험 • Function calling, Tool use 등 에이전트 기술 구현 경험",2026.01.14,https://www.work24.go.kr/wk/a/b/1500/empDetailAuthView.do?wantedAuthNo=330894&infoTypeCd=CWT&infoTypeGroup=tb_workinfogubun
330897,백엔드 엔지니어 (Backend Engineer),베이비챗,"서비스 아키텍처 & 트래픽 • 마이크로서비스 아키텍처(MSA) 환경에서 서버 구조를 설계하고 운영해요. • RESTful API 기반의 백엔드 서비스를 개발하고, 대규모 트래픽을 안정적으로 처리해요. • 트래픽/비용/성능을 고려한 확장 가능한 서비스 아키텍처를 구축해요. 데이터 & 스토리지 • RDBMS 또는 NoSQL을 활용해 도메인에 맞는 스키마/인덱스/쿼리를 설계하고 운영해요. • 데이터 관점에서 장애를 예방하고, 성능 튜닝 및 운영 안정성을 높여요. 운영 & 안정성 • 배포/모니터링/장애 대응을 포함한 서비스 운영 전반(SRE 관점 포함) 을 개선해요. • 시스템 관측성(로그/메트릭/트레이싱)과 운영 프로세스를 정비해요. • 필요 시 LLM API 연동 및 대화 품질을 뒷받침하는 서버 기능(컨텍스트/프롬프트/툴콜 등)도 함께 다뤄요. • Golang 또는 Typescript 등을 이용한 서버 개발 및 운영 경험이 3년 이상 있으신 분 • MSA 환경에서 RESTful API를 이용한 대규모 트래픽 운영 및 개발 경험을 보유하신 분 • RDBMS 또는 NoSQL DB를 활용한 시스템 설계/운영 경험을 보유하신 분 • CS 기본기(자료구조, 알고리즘, 네트워크, 운영체제)에 대한 탄탄한 이해를 갖추신 분 • Vertex, Anthropic 등 상용 LLM API 연동 경험 및 프롬프트 엔지니어링 기초 지식이 있으신 분 • Kubernetes(k8s) 환경에서 서비스 배포/운영/트러블슈팅 경험이 있으신 분 • Vector / full-text 검색 기반 RAG 시스템을 설계·운영해본 경험이 있으신 분 • Claude Code, Cursor 등 AI Coding Agent를 개발 프로세스에 적용해 생산성을 개선한 경험이 있으신 분 • AI 캐릭터 채팅, 서브컬쳐(Subculture) 등 Babechat 도메인에 관심과 이해도가 높은 분",2025.12.25,https://www.work24.go.kr/wk/a/b/1500/empDetailAuthView.do?wantedAuthNo=330897&infoTypeCd=CWT&infoTypeGroup=tb_workinfogubun
331081,[AI] AI Engineer,혜움,"• AI Agent 시스템 설계 ​및 ​개발 • LLM 기반 ​Agentic AI 시스템을 ​설계하고 구축 • LangChain, ​LangGraph, ​CrewAI 등 ​프레임워크를 ​활용한 ​멀티 에이전트 아키텍처 ​구현 • Human-in-the-loop ​시스템 및 Tool-Using ​Agent ​개발 • RAG ​및 추론 시스템 ​고도화 • Retrieval-Augmented Generation(RAG) ​시스템 ​설계 및 ​구현 • Chain-of-Thought, Multi-step ​Reasoning ​등을 활용한 추론 ​파이프라인 구축 • 모델 ​개발 및 운영 • 서비스 요구사항에 맞는 LLM/sLLM Fine-tuning 및 최적화 • 모델 배포, 모니터링 및 지속적인 성능 개선 • 서비스 협업 • PM, 개발팀과 협업하여 AI 기능을 실제 서비스에 자연스럽게 융화 • 기술적 제약과 가능성을 명확히 전달하고 합리적인 구현 방향 제안 • LLM, NLP, 모델링 한정 합산 실무 경력 만 2년 이상 (이미지, 영상, 음성 제외) • LLM을 활용한 프로젝트를 문제 정의부터 모델 설계, 평가, 최적화까지 전 과정을 주도해 본 경험 • AI Agent 또는 Agentic AI 시스템을 실제로 개발하거나 운영해 본 경험 • LangChain, LangGraph, CrewAI 등 Agentic Workflow 프레임워크 활용 경험 • RAG 시스템 구축 및 튜닝 경험 (Embedding, Vector DB, Chunking 전략 등) • Prompt Engineering 및 Function Calling, Tool Use, MCP 활용 경험 • Google Cloud(GCP) 환경에서 AI 워크로드 운영 경험 • Container/Kubernetes 환경 배포 경험 • 팀 협업을 통해 AI 기술을 실제 제품 가치로 연결해 본 경험",2026.02.05,https://www.work24.go.kr/wk/a/b/1500/empDetailAuthView.do?wantedAuthNo=331081&infoTypeCd=CWT&infoTypeGroup=tb_workinfogubun
331148,LLM 애플리케이션 및 AI 에이전트 개발자 (2년 이상),아이제라,"• AI Agent 파이프라인 설계 및 개발: LLM이 스스로 도구(Tool)를 선택하고 판단하여 업무를 수행하는 에이전트 시스템 구축 (Single/Multi-Agent System). • LLM 기반 서비스 백엔드 개발: LangChain, LlamaIndex 등을 활용한 비즈니스 로직 구현 및 API 서버 개발. • RAG (검색 증강 생성) 최적화: 사내 데이터 또는 외부 문서를 참조하여 환각(Hallucination)을 줄이고 정확도를 높이는 검색 시스템 구축. • 프롬프트 엔지니어링 및 최적화: 모델의 성능을 극대화하기 위한 시스템 프롬프트 설계 및 파인튜닝(Fine-tuning) 데이터셋 구성. • 성능 평가 및 모니터링: LangSmith 등을 활용한 LLM 응답 품질 평가 및 비용/속도 최적화. A. 프로그래밍 및 프레임워크 • Python (필수) • LLM Orchestration Framework • Web Framework: FastAPI 또는 Flask를 활용한 API 서버 구축 경험. B. AI & 데이터 기술 • Vector DB • RAG (Retrieval-Augmented Generation) • Model API Handling C. Agent 관련 경험 (중요) • Function Calling / Tool Use • Memory Management",,https://www.work24.go.kr/wk/a/b/1500/empDetailAuthView.do?wantedAuthNo=331148&infoTypeCd=CWT&infoTypeGroup=tb_workinfogubun
331951,ML / LLM Engineer (커머스 검색),주식회사 제로,"* 에이전트 아키텍처 설계: LangGraph를 활용하여 복잡한 상태관리와 순환형 로직을 갖춘 대화형 에이전트를 개발합니다. * 에이전트 오너십: ‘요고랑’ 에이전트의 핵심 로직 오너십을 갖고, 성능을 고도화합니다. * 검색 품질 최적화: 멀티-쿼리 생성, 후보군 취함, 리랭킹 알고리즘 개선 등을 통해 검색의 정확도와 재현율을 극대화합니다. * ‘관계형 AI’ 비전 실행: 사용자의 대화 이력을 기억하고 활용하는 ‘관계형 AI’ 비전을 실행하며, 락인 효과를 만듭니다. * 평가 및 피드백 루프 구축: Ragas 등 RAG 평가 프레임워크를 CI/CD에 연동하고, 사용자 로그를 분석하여 시스템을 개선하는 피드백 루프를 구축합니다. * 컨텍스트 엔지니어링 및 보안: LLM 성능을 극대화하는 프롬프트를 설계하고, 프롬프트 인젝션 등으로부터 시스템을 보호하는 가드레일을 구축합니다. * Python 기반의 AI/ML 서비스 개발 경험 (3년 이상) * LangChain, LangGraph 에 대한 깊은 이해와 복잡한 AI 에이전트 및 RAG 시스템 개발 경험 (필수) * 검색 시스템(Search System) 및 랭킹(Ranking) 모델에 대한 깊은 이해 * GPT, Claude, Gemini 등 다양한 모델의 특성을 이해하고 적재적소에 활용할 수 있는 분 * LLM의 성능을 측정하고 개선하기 위한 실험 설계 및 데이터 분석 능력 * RAG 평가 프레임워크 사용 경험 * LLM 파인튜닝 경험 * 실시간 스트리밍 기반 서비스 개발 경험 * 이커머스 분야에서 추천 시스템이나 챗봇을 개발해 본 경험",2025.12.31,https://www.work24.go.kr/wk/a/b/1500/empDetailAuthView.do?wantedAuthNo=331951&infoTypeCd=CWT&infoTypeGroup=tb_workinfogubun
331952,[AI/LLM] Core Data Engineer(RAG Pipeline Lead),제로,"• 수집된 Raw Data를 전처리, 임베딩, 인덱싱 하여 Vector DB에 적재하는 전 과정을 설계하고 최적화 합니다. • LLM 비용 효율화와 응답 속도 개선을 위한 모델 라우팅, 캐싱 전략, Fallback 메커니즘 구현 • Vector DB를 활용하여 수백만 건의 데이터셋에서도 ms 단위의 검색 속도 보장 • 하이브리드 검색 로직 구현 및 리랭킹 알고리즘을 통한 정확도 극대화 • 데이터 파이프라인의 안정성을 위한 모니터링 시스템 구축, 자동 재시도 및 DLQ 처리 구현 • 데이터 버전 관리 및 정합성 검증 프로세스 도입 • Schema-less 데이터 처리 구조 설계 * [필수] Python 기반의 백엔드 또는 데이터 엔지니어링 경력 4년 이상 * [필수] 비정형 텍스트/이미지 데이터를 처리하고 가공해 본 경험 (ETL/ELT 구축 경험) * [필수] Vector DB(Pinecone, Milvus, Qdrant 등)의 내부 동작 원리(HNSW, Inverted Index 등)를 이해하고 운영해 보신 분 * [필수] LLM 기반 애플리케이션 개발 경험 (RAG 구조에 대한 명확한 이해) * [중요] 특정 라이브러리에 의존하지 않고, 직접 로직을 구현하여 문제를 해결할 수 있는 분 * 대용량 데이터 처리를 위한 비동기 프로그래밍(AsyncIO, Celery 등) 및 분산 처리 경험 * 검색 엔진 튜닝 경험이 있거나, 검색 랭킹 알고리즘을 개선해 본 경험 (Best) * Knowledge Graph 구축 또는 온톨로지 설계 경험 * 대규모 데이터 파이프라인 오케스트레이션 도구(Airflow, Prefect, Dagster 등) 운영 경험 * 데이터 웨어하우스(BigQuery) 및 데이터 레이크 구축 경험 * AI/ML 모델 서빙 및 MLOps 파이프라인 구축 경험",2026.01.22,https://www.work24.go.kr/wk/a/b/1500/empDetailAuthView.do?wantedAuthNo=331952&infoTypeCd=CWT&infoTypeGroup=tb_workinfogubun
331988,AI Backend Engineer,라이브데이터,"• 교육,금융분야를 포함한 회사내의 다양한 AI Agent 개발 프로젝트에 참여해요. • LLM을 활용한 RAG, Agentic AI Workflow 기반으로 사용자에게 의미있는 데이터를 생성해요. • MCP, A2A와 같은 프로토콜에 맞는 API를 개발해요. • langChain, langGraph와 같은 도구를 이용하여 Reasoning Graph를 설계하고 검증해요. • Few-shot, In-context-learning, CoT, ReAct와 같은 프롬프트 엔지니어링 기법을 실적용해요. • LLM-as-a-judge 기법으로 에이전트의 품질을 평가해요. • 3년 이상의 관련 직무 경험을 갖추신 분 • 백엔드 서비스 개발 경험이 풍부한 분 (Python, Typescript 우대) • 안정적이고 확장 가능한 데이터 수집 및 파이프라인을 상용서비스에 적용한 경험이 있는 분 • 새로운 기술 및 방법을 빠르게 학습하는데 익숙하신 분 • 효율적이고 논리적인 커뮤니케이션을 잘 하시는 분 • 빠른 성장을 추구하는 분 • 관련분야 석사,박사 학위를 소지하신 분 • RAG 방식 AI챗봇 개발 경험이 있으신 분 • LLM을 활용한 유료 서비스 개발·운영 경험이 있으신 분 • Vector DB, Similarity Search 등 실서비스 구현 경험이 있으신 분 • 소규모 LLM 파인튜닝 경험이 있으신 분 • 스타트업 환경에서 서비스 스케일업을 성공적으로 이끈 경험이 있으신 분 • Cursor, Antigravity와 같은 AI 도구 및 툴 사용에 능숙하신 분",2026.01.20,https://www.work24.go.kr/wk/a/b/1500/empDetailAuthView.do?wantedAuthNo=331988&infoTypeCd=CWT&infoTypeGroup=tb_workinfogubun
332059,[인턴] 백엔드 엔지니어,낭만아지트,"1) 플랫폼의 코어 백엔드 시스템을 함께 개발 및 고도화 2) API 서버 개발 및 운영 • 서비스(App/Web)를 위한 RESTful API 설계 및 개발 3) AI 모델 연동 시스템 구축 • AI 에이전트와 백엔드 간의 연동 파이프라인 구축 4) 데이터베이스 설계 및 최적화 • 정형 데이터(매물 정보) 처리를 위한 DB설계 • AI 검색을 위한 Vector DB구축 및 최적화 5) 하이브리드 검색 엔진 고도화 • 정형 필터와 비정형 벡터 검색을 결합한 하이브리드 검색 로직 구현 • 경력 무관(신입 지원 가능) • Computer Science 기초 지식(자료구조, 알고리즘, 데이터베이스 등)을 보유하신 분 • 하나 이상의 서버 사이드 언어(Python, Java, Node.js 등)를 능숙하게 다루시는 분 • RESTful API에 대한 이해가 있고, 직접 구현해보신 경험이 있는 분 • Git을 활용한 소스 코드 버전 관리 및 협업이 가능하신 분 • 새로운 기술을 배우는 것을 두려워하지 않고, 주도적으로 문제를 해결하려는 분 • 인턴(수습기간) 3개월 평가 후 정규직 전환이 가능한 분 (졸업예정자 또는 기졸업자) • 성공에 대한 열망을 가지고 도전을 즐길 수 있는 분 • Python(FastAPI) 기반의 웹 프레임워크 사용 경험이 있으신 분 • Java(SpringBoot) 기반의 웹 프레임워크 사용 경험이 있으신 분 • Vector DB 사용 경험이나 이해도가 있으신 분 • MSA(Micro-Service Architecture) 구조에 대한 이해나 관심이 있으신 분 • Docker, Kubernetes 등 컨테이너 기반 환경 경험이 있으신 분 • Gemini API, LangChain 등을 활용한 LLM 어플리케이션 개발 경험이 있으신 분 • 부동산 시장 또는 프롭테크 산업에 대한 관심을 가진 분",2026.01.06,https://www.work24.go.kr/wk/a/b/1500/empDetailAuthView.do?wantedAuthNo=332059&infoTypeCd=CWT&infoTypeGroup=tb_workinfogubun
332163,[나만의집] 백엔드 엔지니어 (1~3년),낭만아지트,"1) 플랫폼의 코어 백엔드 시스템을 함께 개발 및 고도화 2) API 서버 개발 및 운영 • 서비스(App/Web)를 위한 RESTful API 설계 및 개발 3) AI 모델 연동 시스템 구축 • AI 에이전트와 백엔드 간의 연동 파이프라인 구축 4) 데이터베이스 설계 및 최적화 • 정형 데이터(매물 정보) 처리를 위한 DB설계 • AI 검색을 위한 Vector DB구축 및 최적화 5) 하이브리드 검색 엔진 고도화 • 정형 필터와 비정형 벡터 검색을 결합한 하이브리드 검색 로직 구현 • 해당 직무 경력 1년 이상 • Computer Science 기초 지식(자료구조, 알고리즘, 데이터베이스 등)을 보유하신 분 • 하나 이상의 서버 사이드 언어(Python, Java, Node.js 등)를 능숙하게 다루시는 분 • RESTful API에 대한 이해가 있고, 직접 구현해보신 경험이 있는 분 • Git을 활용한 소스 코드 버전 관리 및 협업이 가능하신 분 • 새로운 기술을 배우는 것을 두려워하지 않고, 주도적으로 문제를 해결하려는 분 • 인턴(수습기간) 3개월 평가 후 정규직 전환이 가능한 분 (졸업예정자 또는 기졸업자) • 성공에 대한 열망을 가지고 도전을 즐길 수 있는 분 • Python(FastAPI) 기반의 웹 프레임워크 사용 경험이 있으신 분 • Java(SpringBoot) 기반의 웹 프레임워크 사용 경험이 있으신 분 • Vector DB 사용 경험이나 이해도가 있으신 분 • MSA(Micro-Service Architecture) 구조에 대한 이해나 관심이 있으신 분 • Docker, Kubernetes 등 컨테이너 기반 환경 경험이 있으신 분 • Gemini API, LangChain 등을 활용한 LLM 어플리케이션 개발 경험이 있으신 분 • 부동산 시장 또는 프롭테크 산업에 대한 관심을 가진 분",2026.01.06,https://www.work24.go.kr/wk/a/b/1500/empDetailAuthView.do?wantedAuthNo=332163&infoTypeCd=CWT&infoTypeGroup=tb_workinfogubun
332187,인공지능 알고리듬 (AI Algorithm) 엔지니어,아날로그에이아이,"• 아날로그 하드웨어 특화 학습 알고리즘 연구: 아날로그 하드웨어의 특성을 고려한 학습 알고리즘 및 최적화 알고리즘 적용 및 최적화 • 최신 모델 아키텍처 적용: Transformer, LLM 등 최신 AI 모델을 아날로그 인메모리 컴퓨팅 구조에 맞게 매핑하고 성능 최적화 • AI 모델 최적화 및 경량화: 하드웨어 제약 조건을 고려한 모델 연구 및 적용 • H/W-S/W Co-design 참여: 하드웨어 설계 팀과 협업하여 아날로그 가속기 아키텍처에 최적화된 알고리즘 요구사항 도출 및 검증 • 이공계 전공: 컴퓨터공학, 전기/전자공학, 반도체 등 관련 분야 학사 이상 • 기술 이해도: 딥러닝 프레임워크(PyTorch, TensorFlow 중 하나 이상) 활용 능력 및 최신 신경망 구조(Transformer 등)에 대한 깊은 이해 • 프로그래밍 역량: Python 및 C/C++ 기반의 알고리즘 구현 및 데이터 구조 활용 능력 • 수학적 기반: 최적화 알고리즘 및 통계 등 알고리즘 설계를 위한 탄탄한 수학적 기초 • 아날로그 하드웨어 가속기 기반의 학습/추론 알고리즘 연구 경험 • 반도체 소자 및 물리적 특성에 대한 기초 지식 • LLM 경량화 및 온디바이스 추론 최적화 프로젝트 경험 • Cuda 프로그래밍 또는 고성능 컴퓨팅(HPC) 관련 경험",2026.01.01,https://www.work24.go.kr/wk/a/b/1500/empDetailAuthView.do?wantedAuthNo=332187&infoTypeCd=CWT&infoTypeGroup=tb_workinfogubun
332679,R&D 인공지능 엔지니어,스타버스랩,"R&D / 연구 보고서 작성 • AI 모델 개발 • 음성 및 영상 데이터 학습 • 경력 무관 • 대학교졸업(4년)이상 • 컴퓨터 공학, 인공지능, 데이터사이언스 등 관련 분야 학사 이상 또는 이에 준하는 역량 보유자 • PyTorch, TensorFlow 등을 활용한 Deep Learning 모델 구현 및 트러블 슈팅 경험 • Hugging Face Transformers, LangChain 등 LLM 관련 생태계 및 라이브러리 능숙자 • sLLM 또는 70B 이상급 대형 모델 Fine-tuning(Instruction Tuning) 경험 • Multi-GPU 환경(DeepSpeed, ZeRO 등)에서의 분산 학습 및 메모리 최적화 경험 • Audio(Librosa/openSMILE) 또는 Vision(OpenCV/MediaPipe) 기반 감정/행동 분석 경험 • 헬스케어 도메인 데이터 처리 및 비식별화 경험 • Linux 환경 개발 및 Docker/Container 기반 배포 경험 • 커뮤니케이션 능력",2026.01.06,https://www.work24.go.kr/wk/a/b/1500/empDetailAuthView.do?wantedAuthNo=332679&infoTypeCd=CWT&infoTypeGroup=tb_workinfogubun
333308,Python Backend / AI Application Developer,아이피아,"• AI 서버(Backend For Frontend) 개발 및 운영 관리 • ComfyUI 기반 이미지 생성 파이프라인 개발 및 최적화 • 백엔드 개발팀(AWS, Java 기반)과 협업하여 서비스 고도화 • LLM 엔지니어링 및 파이프라인 구축 보조 • AI 모델 추론 최적화 개발 • 최신 AI 기술의 Python 기반 응용 개발 • 내부 테스트 환경 개발 • Python 개발 경력 1~5년 • Linux 환경에서의 개발 및 운영 경험 • AWS 또는 GCP 클라우드 환경 사용 경험 • FastAPI 등 Python 웹 프레임워크 경험 • 생성형 AI(이미지 생성, LLM)에 대한 관심과 기본 이해 • Git 기반 협업 경험 • 다양한 AI 도구 사용 경험 및 AI를 활용한 개발 경험 • ComfyUI 등 이미지 생성 도구 사용 경험 • LangChain, LangGraph 등 LLM 프레임워크 경험 • 클라우드 AI 플랫폼 사용 경험 (GCP Vertex AI 등) • AI 모델 추론 최적화 경험 (TensorRT, Quantization) • Docker, Kubernetes 활용 경험 • GPU 서버 운영 경험 • TypeScript 개발 경험",2026.01.08,https://www.work24.go.kr/wk/a/b/1500/empDetailAuthView.do?wantedAuthNo=333308&infoTypeCd=CWT&infoTypeGroup=tb_workinfogubun
333981,AI 검색 Agent 백엔드 개발,씽크프리(Thinkfree),"1. Spring Boot 기반의 백엔드 API 설계 및 개발 2. AI Agent 백엔드 모듈 개발 협업 및 RAG 검색 개발 3. 사용자 데이터 소스(Google Drive, Notion 등) 연동 및 데이터 인덱싱 시스템 개발 4. AWS(EC2, RDS, S3, Lambda 등) 환경에서 서비스 운영 및 배포 자동화 • Java 및 Spring Boot 프레임워크를 활용한 웹 애플리케이션 개발 경험 (개인/팀 프로젝트 등) • 멀티테넌트 AI Agent 개발 경험 • 자료구조, 알고리즘, 네트워크 등 탄탄한 CS 기본 지식을 갖추신 분 [공통] • 원활한 커뮤니케이션 역량을 토대로 다양한 직군의 동료와 협업을 즐기시는 분 • 새로운 도전에 대한 열정과 자기 주도적인 업무 수행 능력을 보유하신 분 [AI 검색 Agent 백엔드 개발] • Docker, Kubernetes 등 컨테이너 기반 인프라 경험이 있으신 분 • Python, Node.js 등 추가적인 프로그래밍 언어 사용이 가능하신 분 • 개인 블로그 운영, 오픈소스 프로젝트 기여 등 꾸준한 학습과 성장을 증명할 수 있는 분",2026.01.09,https://www.work24.go.kr/wk/a/b/1500/empDetailAuthView.do?wantedAuthNo=333981&infoTypeCd=CWT&infoTypeGroup=tb_workinfogubun
334330,셀레트립 서비스 Back-End 백엔드 개발자,페이브먼트,"• 셀레트립 모바일 앱 및 운영/관리용 백오피스 시스템 API 설계·구현·운영 • 사용자 위치·행동 데이터를 기반으로 한 장소 추천·탐색·개인화 로직 설계 및 API 개발 • AWS 환경(EC2, ECR, SQS 등)에서의 서비스 배포, 운영, 장애 대응 및 인프라 안정성 개선 • LLM 기반 Voice Cloning / AI 음성 콘텐츠 결과물을 안정적으로 제공하기 위한 백엔드 • 파이프라인 설계 및 구현 • 비즈니스 요구사항을 기반으로 한 도메인 모델링, 데이터 모델 설계 및 쿼리 최적화 • 서비스 모니터링 도구(Prometheus, Grafana 등)를 활용한 시스템 상태 관찰 및 성능 이슈 분석·개선 [확장 및 고도화 업무] • 모바일·웹·외부 플랫폼을 통합하는 OAuth2 / OIDC 기반 SSO 인증 흐름 설계 및 백엔드 구현 • 트래픽 증가 및 글로벌 유저 대응을 고려한 확장 가능한 API 구조 설계 및 성능 개선 • 메시지 큐(SQS) 및 이벤트 기반 아키텍처를 활용한 비동기 처리 로직 설계 및 운영 • 신규 비지니스 요구사항을 기술적으로 구체화하고 구현 방향 제안 • 경력 3년 혹은 그에 준하는 Java Spring Boot 기반 백엔드 개발 경험 • PostgreSQL과 같은 RDBMS를 운영하고 적절한 쿼리를 작성할 수 있으신 분 • Redis를 활용한 캐시 저장소 구축과 분산 락 개발 경험이 있으신 분 • Docker 기반 컨테이너 환경을 구축한 경험이 있으신 분 • AWS 활용한 인프라 구축 경험이 있으신 분 • Github Actions 기반 CI/CD 파이프라인 설계 경험 • K-POP 및 엔터테인먼트 산업에 대한 관심이 있으신 분 • TTS(Text-to-Speech) 알고리즘 또는 음성 관련 개발 경험 • E-Commerce 시스템 개발 경험이 있으신 분 • 메시지 큐와 이벤트 기반 비동기 처리 로직을 구현해보신 분 • 정량적인 데이터를 바탕으로 문제점을 분석하고 서비스 성능을 개선해보신 분 • 테스트 코드를 통해 본인이 작성한 코드를 검증해보신 분",,https://www.work24.go.kr/wk/a/b/1500/empDetailAuthView.do?wantedAuthNo=334330&infoTypeCd=CWT&infoTypeGroup=tb_workinfogubun
334822,AI 엔지니어 (3년이상),로앤컴퍼니(lawtalk),"• 법률 분야에 특화된 RAG(검색 증강 생성) 시스템의 성능 개선 및 고도화 • 다양한 LLM과 외부 도구의 통합 및 제어를 위한 고성능 AI Agent 설계 및 개발 • 법률AI서비스를 위한 자체 프레임워크의 활용 및 개발 • 대량의 방대한 법률 문서의 분석 및 구조화 기능 등의 개발 • 법률분야 Hallucination 최소화를 위한 연구 및 개발 • 최신 글로벌 AI 기술 트렌드 분석, AI 논문 연구 및 실제 서비스에의 선제적 적용 • Python 기반 소프트웨어 개발 역량과 AI 서비스 구축에 능숙한 실무 경험 (3년 이상) • LLM/Transformer 아키텍처에 대한 깊은 이해 및 LLM 기반 서비스 개발 경험 • RAG 시스템을 직접 설계하고 개발하며, 성능 병목을 분석하여 개선해 본 경험 • AI 모델을 엔드투엔드로 실제 서비스에 적용하여 안정적으로 구현해 본 경험 • LLM 기반 어플리케이션 개발 프레임워크 활용 경험 (LangChain, LlamaIndex 등) • 적극적이고 명확한 의사소통 및 문제해결 역량을 보유한 팀 플레이어 • 법률 도메인에 대한 이해 또는 법률관련 서비스 개발 경험 • 대규모 프로덕션 환경에서 AI 시스템 구축 및 운영 경험 • AI/NLP 분야 논문 발표 또는 특허 출원 경험 • Multi-Agent 프레임워크 설계 및 개발 경험 • 검색엔진 또는 VectorDB의 대규모 운영 및 성능 튜닝 경험 • 지식 그래프(DB)의 구현 및 서비스 적용 경험 • 추론 모델 학습을 위한 데이터셋 제작 및 추론 모델 개발 경험 • 최신 RAG 논문 및 기술 트렌드에 대한 관심과 이해 • Docker, Kubernetes 등 컨테이너 환경에서의 작업 경험 • AWS, GCP 등 클라우드 플랫폼 기반의 서비스 개발 경험",2026.01.14,https://www.work24.go.kr/wk/a/b/1500/empDetailAuthView.do?wantedAuthNo=334822&infoTypeCd=CWT&infoTypeGroup=tb_workinfogubun
335022,[Riido] 백엔드 엔지니어,스위그,"1. Riido 백엔드 코어 시스템 설계 및 개발 (Core) • Nest.js 기반 API 서버 개발 • 복잡한 비즈니스 요구사항을 유연하게 담아낼 수 있는 PostgreSQL / MongoDB 기반 데이터 모델 설계 • 기능 구현을 넘어, 서비스 안정성과 성능을 함께 고려한 구조 설계 2. AI의 실제 제품화 (AI) • LangChain / LangGraph 기반 LLM Agent 개발 • RAG, Tool 연동, Streaming 등 실사용 중심의 AI 기능 구현 3. 서비스 스케일을 위한 인프라 & 운영 (DevOps) • AWS 인프라 설계 및 운영 (EC2, ECS, Lambda 등) • CI/CD 구축 및 개선 • Sentry, Grafana 기반 모니터링 및 이슈 대응 4. “연결되는 제품”을 만드는 일 (Integrations) • Slack, Github, Figma 등 외부 서비스 API 연동 • 고객의 실제 워크플로우 속에서 Riido를 자연스럽게 녹여내는 구조 설계 5. 자율적이고 주도적인 개발 (Ownership) • 2주 단위의 스프린트에서 본인이 해결할 문제와 작업 범위를 스스로 설정 • 시키는 대로가 아닌, 고객 피드백을 분석하고 가설을 세워 빠르게 검증하는 사이클을 직접 주도 해결 방법이 없는 문제를 직접 찾아서 해결하는 분: • 기존에 누구도 해결한 적 없는 문제가 대부분입니다. 시도하고, 부딪히고, 개선하는 과정을 즐길 수 있어야 합니다. CS 기초와 기술 본질에 대한 이해가 있는 분: • 정답이 없는 과정에서 유일하게 믿을 수 있는 것은 본질입니다. 탄탄한 기초를 바탕으로 새로운 기술이 필요할 때, 빠르게 학습하고 실제 서비스에 적용할 수 있어야 합니다. 기술을 ‘도구’로 바라보는 분: • ‘이 기술 써보고 싶다’가 아니라, 그것을 써서 ‘어떤 문제’를 해결할지가 중요합니다. 전체 시스템을 이해하고 설계하고 싶은 분: • 특정 파트만 개발하는 ‘톱니바퀴’가 아니라, 서비스 전체 아키텍처를 분석하고 설계하는 경험을 하게 됩니다. ＜/＞ 이런 분과는 맞지 않을 수 있습니다. • 상세한 기획서와 1부터 10까지 정해진 업무 지시가 있어야만 시작할 수 있는 분 • 비즈니스 임팩트나 마감 기한보다, 완벽한 코드 구조와 기술적 과잉 설계를 선호하시는 분 • 불확실성과 변화를 스트레스로 받아들이시는 분 • 백엔드: Typescript, Nest.js, Python, FastMCP, Postgresql, MongoDB, Redis • AI: LangChain, LangGraph, Faiss • 인프라: AWS, Vercel, Docker, Github Actions, Github Apps, Algolia • 모니터링: Sentry, Grafana, Loki, Prometheus • 협업 및 디자인: Riido, Figma, Framer, Notion, Slack",2026.01.14,https://www.work24.go.kr/wk/a/b/1500/empDetailAuthView.do?wantedAuthNo=335022&infoTypeCd=CWT&infoTypeGroup=tb_workinfogubun
335403,Voice AI Agent Engineer,네오사피엔스(타입캐스트),"1. Voice Agent 시스템 구축: LangGraph/LangChain 기반 대화 상태 관리 및 Agent 파이프라인 개발 2. Turn-taking 시스템 적용 및 개선: 자체 개발 Turn Detector 연동, End of Turn / Back Channel 상태 기반 대화 흐름 제어 및 지속적 고도화 3. RAG 시스템 구축: 다양한 유스케이스에 특화된 RAG 파이프라인 설계 및 구현 (대화 맥락 관리, 지식 검색, 페르소나 등) 4. 저지연 파이프라인 최적화: STTLLMTTS 전체 파이프라인의 TTFT 단축 및 스트리밍 응답 최적화 5. 품질 평가 및 안전성 시스템 구축: Hallucination 억제, Guardrail 구현, 답변 품질 평가 메트릭 설계 6. 최신 기술 적용: 논문 팔로우 및 PoC 구현을 통한 신기술 프로덕션 적용 • AI/ML 서비스 개발 경력 3년 이상 • LangChain, LangGraph 활용한 Agent 개발 경험 • RAG 파이프라인 설계/구현 경험 • Python 고급 (비동기 처리, 성능 최적화) • LLM/Transformer 아키텍처 이해 • 최신 AI 논문을 읽고 핵심을 파악하는 능력 음성 대화 시스템 (Voice Bot, AICC) 개발 경험 Turn-taking, End of Turn Detection 관련 기술 경험 LLM 추론 최적화 경험 (Speculative Decoding, KV Cache 등) • 실시간 스트리밍 시스템 (WebSocket, SSE) 구현 경험 • LLM Evaluation / Safety 프레임워크 구축 경험 • Multi-Agent 시스템 설계/구현 경험 • 논문 알고리즘 구현 또는 오픈소스 기여 경험 • 대규모 오픈소스 코드베이스 분석 및 커스텀 포인트 설계 경험 (포크 유지보수, 업스트림 동기화) • B2B/엔터프라이즈 솔루션 개발 및 유지보수 경험 (멀티테넌트, 피쳐 브랜치 관리 등)",2026.02.05,https://www.work24.go.kr/wk/a/b/1500/empDetailAuthView.do?wantedAuthNo=335403&infoTypeCd=CWT&infoTypeGroup=tb_workinfogubun
335989,"[전문연구요원] AI Researcher (언어모델, 비전-언어모델, RAG, AI Agent)",인터엑스,"• 제조 특화 언어모델 훈련을 위한 필요 데이터 정의, 수집 및 전처리 • 제조 특화 언어모델, 비전-언어모델 연속 사전훈련(Continual Pre-training) • 제조 특화 언어모델, 비전-언어모델의 특정 업무용 미세조정(Fine-tuning) • 제조 특화 언어모델, 비전-언어모델 경량화 기법 연구 (양자화, Pruning, 지식증류 등) • RAG(Retrieval Augmented Generation) 기술 연구 및 개발 (Advanced RAG, Modular RAG 등) • 프롬프트 엔지니어링 (Few-shot, CoT 등) • AI Agent 기술 연구 및 개발 • 인공지능/기계학습(AI/ML), 자연어 처리(NLP) 전공 석사 이상인 분 • 생성형 AI 관련 업무 프로젝트 경험자 • 데이터 수집/관리, 언어모델 훈련, RAG, 프롬프트 엔지니어링의 전체 Workflow에 대한 이해가 있는 분 • 프로그래밍 언어: Python, PyTorch, Transformers, SQL, Git • AI Agent 프레임워크: LangGraph, LangFlow • 이공계 석사 학위 이상 소지자 (혹은 수료자)로서 전문연구요원 편입 대상자 • 최신 언어모델, 비전-언어모델 논문 내용을 구현 가능한 분 • 인공지능(AI) 리서치팀, 소그룹을 리딩해본 경험이 있는 분 • 인공지능(AI) 기반 솔루션 개발에 대한 이해가 있고 협업을 해본 경험이 있는 분 • 제조업에 AI를 적용해서 성과를 창출한 경험이 있는 분 (수율, 품질, 생산성, SHE 등) • 신기술에 대한 호기심과 성장에 대한 열정이 있는 분",2026.01.20,https://www.work24.go.kr/wk/a/b/1500/empDetailAuthView.do?wantedAuthNo=335989&infoTypeCd=CWT&infoTypeGroup=tb_workinfogubun
335990,[전문연구요원] AI Agent Engineer,인터엑스,"• MCP Server, LLM을 활용한 AI Agent 솔루션/서비스 연구 개발 • 제조기업 대상 MCP Server, LLM을 활용한 AI Agent 개발 프로젝트 수행 • 제조 데이터 연동, 처리 및 활용 Data Pipeline 구현 및 자동화 • 최신 AI Agent 기술 조사 및 연구 • 컴퓨터 공학 및 관련 분야 전공 • MCP(Model Context Protocol) 관련 지식과 AI Agent 개발 경험 • MLOps/ LLMOps 경험자 (DB 연동/관리, Data Pipeline 및 Workflow 자동화, LLM 모델 배포 및 서빙, CI/CD 파이프라인) • 백엔드 개발 경험 (RESTful API 설계 및 개발 경험) • 프로그래밍 언어: Python, PyTorch, SQL, FastAPI, Git, Docker • AI Agent 프레임워크: MCP (Model Context Protocol), LangChain, LangGraph, LangFlow • 이공계 석사 학위 이상 소지자 (혹은 수료자)로서 전문연구요원 편입 대상자 • A2A (Agent-to-Agent) 지식과 경험이 있는 분 • 데이터 수집/관리, 언어모델 훈련, RAG, 프롬프트 엔지니어링의 전체 Workflow에 대한 이해가 있는 분 • 인공지능(AI) 기반 솔루션 개발에 대한 이해가 있고 협업을 해본 경험이 있는 분 • 분산시스템 및 클라우드 환경(AWS, GCP, Azure)에서 개발 경험이 있는 분 • PostgreSQL, MongoDB, Neo4j, Redis, Kafka 경험이 있는 분 • 제조업에 AI를 적용해서 성과를 창출한 경험이 있는 분 (수율, 품질, 생산성, SHE 등)",2026.01.20,https://www.work24.go.kr/wk/a/b/1500/empDetailAuthView.do?wantedAuthNo=335990&infoTypeCd=CWT&infoTypeGroup=tb_workinfogubun
336000,백엔드개발자(3~5년차),바운드포,"[RAG 시스템 설계 및 개발] • 문서 수집부터 답변 생성까지, 전체 RAG 파이프라인 구축 • Chunking 전략 수립, 임베딩 모델 선정, 검색 품질 최적화 • LLM 기반 질의응답 시스템 API 설계 및 개발 [Knowledge Graph 구축] • 비정형 문서에서 Entity/Relation 추출 및 지식 그래프 모델링 • Graph DB 설계 및 운영 (Neo4j 등) • GraphRAG 등 KG + RAG 하이브리드 아키텍처 적용 • Python, FastAPI 기반 백엔드 개발 경력 3년 이상 • LangChain 등 LLM 프레임워크 활용 경험 • RAG 파이프라인 구축 경험 (Chunking Embedding Retrieval Generation • RDB(MySQL, PostgreSQL 등) 1개 이상 실무 경험 • 벡터 DB(Pinecone, Milvus, ChromaDB 등) 1개 이상 실무 경험 • 직접 기능을 제안하고 구현까지 완료해본 경험 [RAG 심화] • Hybrid Search(dense + sparse), Re-ranking 적용 경험 •RAG 품질 평가(RAGAS 등) 및 Hallucination 개선 경험 • 도메인 특화 임베딩 모델 선정 또는 파인튜닝 경험 [Knowledge Graph] • Neo4j, Amazon Neptune 등 Graph DB 활용 경험 • 온톨로지 설계 또는 Entity/Relation 자동 추출 경험",2026.01.20,https://www.work24.go.kr/wk/a/b/1500/empDetailAuthView.do?wantedAuthNo=336000&infoTypeCd=CWT&infoTypeGroup=tb_workinfogubun
336056,AI Engineer 1년 이상 (석/박사) 전문연구요원,이지케어텍,"• LLM을 활용한 연구를 개발해요. • 예측 모델 및 AI 서비스를 개발해요. • 연구 과제 관리를 담당해요. • 전문연구요원 채용으로 현역 '신입 지원' 가능 및 '전직' 가능 • 연구과제 제안 및 관리 경험 보유자 • 통계/머신러닝/딥러닝에 대한 전문지식 보유 및 관련 학과 졸업 (석사 이상) • 머신러닝 프레임워크 사용 경험 (Tensorflow, Pytorch 등) • 딥러닝 프레임워크 사용 경험 (HuggingFace, Pytorch 등) • LLM을 이용한 프로젝트 또는 서비스 개발 경험 • (외국 국적자의 경우) 중급 이상의 한국어 구사 능력 • 대규모 연구과제 책임자 역할 경험자 • 데이터처리 및 전처리 경험자 (대규모 텍스트데이터, 영상데이터, 음성데이터 등) • 모델 개발 경험자 • 특정 문제 해결을 위한 Language Model Fine Tuning 경험자 • 자연어 처리 경험자 • Pretrained Language Model 기반의 자연어 처리 경험자 • 머신러닝 관련 논문 작성 경험자 • AI서비스 개발 참여 경험자 • MLOps 및 모델 배포 경험자 (API 개발, 모델 모니터링)",2026.01.20,https://www.work24.go.kr/wk/a/b/1500/empDetailAuthView.do?wantedAuthNo=336056&infoTypeCd=CWT&infoTypeGroup=tb_workinfogubun
336532,AI Platform 엔지니어,인포그랩,"[내부 플랫폼 운영 및 개선] • AWS 클라우드 인프라 운영 및 최적화 • OnPrem 환경 인프라 관리 및 하이브리드 아키텍처 설계 • GitLab, Mattermost, n8n 등 내부 서비스 운영 • Kubernetes 클러스터 운영 및 고도화 • Terraform 기반 Infrastructure as Code 관리 [고객사 플랫폼/SRE 설계 및 운영 지원] • 고객 환경에 맞는 플랫폼 아키텍처 설계 • SRE 원칙 기반 신뢰성 개선 컨설팅 • SLI/SLO 설계 및 Error Budget 관리 지원 • Grafana Stack (Prometheus, Loki, Tempo) 기반 관측성 플랫폼 구축 • 장애 대응 프로세스 수립 및 포스트모템 문화 정착 지원 [Platform/SRE 관련 AI 에이전트 구현] • n8n 기반 플랫폼 운영 자동화 에이전트 개발 • 장애 탐지 및 자동 복구 AI 에이전트 구현 • Mattermost ChatOps 기반 운영 에이전트 개발 • 인프라 프로비저닝 자동화 에이전트 구축 • 비용 최적화 및 리소스 관리 AI 에이전트 개발 • 플랫폼/SRE 경험 1년 이상 또는 이에 준하는 역량 • AWS 또는 OnPrem 환경 운영 경험 • Kubernetes 운영 경험 • Infrastructure as Code: Terraform, Ansible 등 • Python 또는 TypeScript 프로그래밍 능력 • AWS Professional 레벨 자격증 보유 • n8n, Airflow 등 워크플로우 자동화 도구 경험 • LLM API 활용 또는 AI 에이전트 개발 경험 • SRE 실무 경험 (Google SRE 원칙 이해 및 적용) • Grafana Stack 운영 경험 • 오픈소스 기여 경험",2026.01.21,https://www.work24.go.kr/wk/a/b/1500/empDetailAuthView.do?wantedAuthNo=336532&infoTypeCd=CWT&infoTypeGroup=tb_workinfogubun
336533,[인턴] B2B 탄소회계 SaaS CDP 솔루션(LLM 연계 서비스) 웹 개발자,엔츠,"-CDP 기후공시 작성 툴 웹 기능 개발 및 개선에 참여합니다. -LLM AI(Open AI, HuggingFace 모델 등) 연계 기능을 구현합니다. -LangChain 기반 프롬프트 흐름 및 데이터 입출력 구조를 연동합니다. -CDP 솔루션 UX 개선을 위한 화면 설계 및 기능을 고도화합니다. -CODA와 같은 no-code tool을 활용한 경험이 있으신 분 -엑셀 활용 능력이 중급 이상인 분 -Python 기반 개발 경험이 있으신 분 -새로운 기술(LLM, 프롬프트, AI API 연동 등)에 대한 높은 관심과 학습 의지를 지니신 분 -성장하는 스타트업 환경에서 주도적으로 업무를 처리하고 싶은 분 -탄소중립/ESG 분야에서 새로운 기회를 찾아 빠르게 성장하고자 하는 분",2026.02.13,https://www.work24.go.kr/wk/a/b/1500/empDetailAuthView.do?wantedAuthNo=336533&infoTypeCd=CWT&infoTypeGroup=tb_workinfogubun
336824,"[Agentria] AI Agent Developer (파이썬 개발자, 경력무관)",제네시스랩,"• AI Agent 요구사항 분석 및 기술 검토 : 기획 및 비즈니스 요구사항을 파악하고, 이를 AI 기술로 구현 가능한지 검토하여 구체적인 개발 스펙을 수립합니다. • Agent 로직 구현 및 개발: Python을 주 언어로 사용하여 에이전트의 핵심 흐름과 기능을 구현합니다. : 프롬프트 엔지니어링 및 최적화: LLM이 의도한 대로 정확하게 답변하고 행동할 수 있도록 프롬프트를 설계하고 고도화합니다. • AI Agent 심층 테스트 및 품질 검증 : 직접 구현한 에이전트가 다양한 시나리오와 엣지 케이스(Edge Case)에서 의도대로 동작하는지 집요하게 테스트합니다. 환각(Hallucination) 현상을 최소화하고 서비스 안정성을 확보하는 과정을 주도합니다. • 협업 및 커뮤니케이션 : 기획자 등 비개발 직군과 긴밀하게 소통하며, 모호한 요구사항을 명확한 기술 언어로 정리하고 조율합니다. • Python을 활용하여 요구사항에 맞는 로직을 능숙하게 구현할 수 있는 분 • 자신이 작성한 코드와 프롬프트에 대해 책임감을 가지고 꼼꼼하게 테스트할 수 있는 분 • LLM(Large Language Model)의 작동 원리를 이해하고, 프롬프트 엔지니어링을 통해 원하는 결과를 도출해 본 경험이 있는 분 • 기획자 및 비개발 직군과 원활하게 소통하며 요구사항을 기술로 구체화할 수 있는 커뮤니케이션 능력을 갖춘 분 • n8n, make 등 업무 자동화 도구 사용 경험 • LangChain, LangGraph, AutoGen 등 LLM 프레임워크 사용 경험 • RAG(검색 증강 생성) 시스템 구축 경험 • 토이 프로젝트가 아닌, 실제 유저가 사용하는 AI Agent 상용화(배포 및 운영) 경험 • 다양한 테스트 시나리오를 직접 설계하고, AI Agent의 품질을 개선하기 위해 집요하게 테스트해 본 경험",2026.01.22,https://www.work24.go.kr/wk/a/b/1500/empDetailAuthView.do?wantedAuthNo=336824&infoTypeCd=CWT&infoTypeGroup=tb_workinfogubun
336877,LLM 기반 어플리케이션 엔지니어,에이아이웍스,• sLLM / VLM 기반 신규 서비스 개발 • sLLM 기반 테스트 자동화 스크립트 엔진 개발 • sLLM / VLM 기반 셀프 힐링 엔진 개발 • LLM 기반 모델 학습 프레임워크 경험자 • AI 모델 / 서비스 개발 경험자 • AI 기반 모델 연구 프로젝트 혹은 논문 작성 경험자 • 언어분석 / 이해 경험자 ㆍAI/LLM 관련 석사 학위 이상인자 ㆍTop-tier 학회 논문 제출자 ㆍ대규모 컴퓨팅 기반 모델 학습 경험자 및 GPU 클라우드 플랫폼 경험자,2026.01.22,https://www.work24.go.kr/wk/a/b/1500/empDetailAuthView.do?wantedAuthNo=336877&infoTypeCd=CWT&infoTypeGroup=tb_workinfogubun
336897,[R&D 파트] AI 리서치 엔지니어,피처링(FeaturingCorp.),"소셜 미디어 데이터 기반의 생성형 AI 모델을 연구·개발 및 고도화하고, 파인튜닝과 최신 기술 도입을 통해 다양한 마케팅 콘텐츠 생성 기능을 실현하는 R&D 업무를 맡아주실 거예요! 1. 소셜 미디어·인플루언서 데이터 기반 콘텐츠 생성 AI 연구·개발 2. 생성형 AI를 활용한 데이터 분석, 마케팅 전략, 썸네일, 트렌드 리포트 생성 3. 생성 AI 모델 파인튜닝 및 커스터마이징 4. 최신 AI 논문 분석 및 PoC 진행 이런 능력이나 관심사를 가지신 분들을 찾고 있어요! 1. 생성 AI(LLM, Diffusion, GAN 등) 프로젝트 경험 2. PyTorch/TensorFlow 개발 능력 3. 논문 구현 및 벤치마킹 경험 4. 데이터 증강·파인튜닝 기술 이해 이런 경험이나 역량이 있는 분들을 우대해요! 1. 멀티모달 콘텐츠 생성 경험 2. 대규모 데이터 처리 및 분석 경험이 있는 분 3. 소셜 미디어 관련 마케팅/추천 모델 운영 경험 4. 광고 타겟팅/성과 분석 모델 운영 경험 5. 추천/광고/ML 관련 서비스 개발 경험이 있는 분 • 외국어(영어,일어) 커뮤니케이션이 가능한 분",2026.01.22,https://www.work24.go.kr/wk/a/b/1500/empDetailAuthView.do?wantedAuthNo=336897&infoTypeCd=CWT&infoTypeGroup=tb_workinfogubun
337343,LLM Observability 개발자,와탭랩스(WhaTapLabs),"• AI Native Observability 서비스를 위한 백엔드 아키텍처를 설계, 개발합니다. • 고객 IT 환경의 장애와 이슈를 최소화하고 최적화 방안을 제공하기 위해 데이터 수집, 분석 방안을 연구합니다. • 프론트엔드 요구사항에 맞춘 데이터 수집, 가공 및 API를 제공합니다. • 효율적인 데이터 저장 구조를 연구하고 제안합니다. • LLM 관련 서비스 개발 또는 운영 경험 • LLM API(OpenAI, Anthropic, Azure OpenAI 등) 사용 경험 • OS, 네트워크, 파일시스템 등 IT 인프라 전반에 대한 이해 • 소프트웨어 개발 방법론에 대한 이해 • Spring Framework 기반 애플리케이션 서버 개발 경험 • Spring Security, JPA를 활용한 개발 경험 • RDBMS, NoSQL 등 데이터 처리 경험 • 마이크로서비스 아키텍처(MSA) 설계 및 운영 경험 • 대규모 트래픽 환경에서의 성능 최적화 및 시스템 안정성 확보 경험 • AI 도구를 활용하여 개발 생산성과 효율성을 향상시킬 수 있는 역량 • 멀티리전, 멀티클라우드 환경에서의 서비스 개발 및 운영 경험 • 원활하고 주도적인 커뮤니케이션 능력 • 아이디어와 기술적 의견, 개발 결과물을 명확하게 문서화하고 설명할 수 있는 능력 • 대용량 텍스트 데이터 저장 및 처리 경험 분산 트레이싱 개념 이해 (OpenTelemetry 등) • LLM 프레임워크(LangChain, LlamaIndex, CrewAI 등) 사용 경험 • 벡터 데이터베이스(Pinecone, Milvus, pgvector 등) 사용 경험 • RAG(Retrieval-Augmented Generation) 파이프라인 구축 경험 • Netty Framework 기반 소켓 네트워크 프로그램 개발 경험 • SaaS 서비스 개발 경험 • 개발 리더 또는 PM 역할 수행 경험 • 라이브러리 제작 또는 오픈소스 프로젝트 유지 관리 경험 • 모니터링 서비스 사용 또는 개발 경험 • Prometheus를 활용한 메트릭 수집, 알림 설정 및 모니터링 환경 운영 경험 • Grafana를 통한 대시보드 설계, 구현 및 데이터 시각화 경험 • 백엔드(Java)와 프론트엔드의 풀스택 개발 역량 보유 • 퍼블릭 클라우드 자격증 보유 • 쿠버네티스 자격증 보유 • 외부 컨퍼런스 등 대외 발표 경험",2026.02.04,https://www.work24.go.kr/wk/a/b/1500/empDetailAuthView.do?wantedAuthNo=337343&infoTypeCd=CWT&infoTypeGroup=tb_workinfogubun
337842,AI 에이전트 백엔드 개발자,골든플래닛,"1. AI 에이전트 워크플로우 고도화 • LangGraph를 활용한 Text-to-SQL, RAG, 데이터 분석 에이전트 워크플로우 설계 및 구현 • LLM의 Tool Calling을 활용한 Agentic Workflow 구축 • 복잡한 사용자 의도(Intent) 분류 및 Context 관리 로직 최적화 2. SaaS 백엔드 API 개발 및 운영 • FastAPI 기반의 RESTful API 설계 및 구현 • 사용자, 조직, 권한 관리 등 B2B SaaS 필수 기능 개발 3. 데이터베이스 설계 및 운영 • 서비스 요건에 따른 PostgreSQL/Firestore 데이터 모델링 및 마이그레이션 관리 • 쿼리 성능 튜닝 및 데이터 무결성/일관성 최적화 • RLS(Row Level Security)를 활용한 안전한 멀티테넌시 데이터 격리 구현 4. 클라우드 인프라 및 보안 엔지니어링 • GCP 기반의 고가용성 인프라(Cloud Load Balancer, Cloud Armor, IAP) 운영 및 관리 • Cloud Build와 Artifact Registry를 활용한 Docker 컨테이너 CI/CD 파이프라인 최적화 • Cloud Monitoring/Logging을 활용한 시스템 관측 가능성(Observability) 확보 및 장애 대응 • Zero Trust 보안 모델 적용(IAP) 및 감사 로그(Audit Logs) 정책 수립 및 운영 • Python 기반 백엔드 개발 경력 3년 이상으로, FastAPI와 SQLAlchemy(Async)를 활용한 비동기 아키텍처 설계/운영 경험이 있으신 분 • LangChain / LangGraph 등 LLM 오케스트레이션 도구를 활용하여 실제 AI 에이전트 서비스를 구축해 본 경험 • B2B SaaS 서비스 개발 경험: 멀티테넌시(Multi-tenancy) 환경에서의 데이터 격리(RLS 등) 및 아키텍처 설계 경험이 있으신 분 • 확장성을 고려한 RDBMS 데이터 모델링 및 쿼리 튜닝 역량을 보유하신 분 • 클라우드 인프라(GCP/AWS 등) 운영 경험: IAM, VPC 네트워크, 컨테이너 기반 배포 환경을 이해하고 구성할 수 있으신 분 • 주도적으로 문제를 정의하고 해결하는 것을 즐기시는 분 • GCP 클라우드 경험: Google Cloud Platform(GCP) 환경에서의 실무 경험이 있으신 분 • Tech Stack 일치: LangGraph, LangChain, FastAPI 등 당사 기술 스택을 활용한 프로젝트 경험이 있으신 분 • 데이터 웨어하우스 경험: Google BigQuery 쿼리 작성 및 비용 구조에 대한 이해가 있으신 분 • GA4(Google Analytics 4) 데이터 스키마에 대한 이해도가 있으신 분",2026.01.27,https://www.work24.go.kr/wk/a/b/1500/empDetailAuthView.do?wantedAuthNo=337842&infoTypeCd=CWT&infoTypeGroup=tb_workinfogubun
337981,AI 웹 서비스 프론트엔드 개발자 (2년 이상),아이브릭스,"프론트엔드 개발 ● 2년 이상의 웹 프로젝트 경험이 있으신 분 ● HTML, CSS, javascript에 대한 깊은 이해와 숙련된 개발 경험 보유하신 분 ● React 프론트엔드 또는 NextJS 프레임워크에서 작업가능하신 분 ● Git 을 사용한 소스관리에 익숙하신분 ● Figma와 같은 디자인 툴로 디자이너와의 협업 경험 ● Database에 대한 기본 이해 및 경험 보유하신 분 ● AI 관련 서비스 개발을 해보신분 ● VUE 프레임워크에서 작업가능하신 분 ● Python코딩 가능하신분 ● FastAPI 백엔드 개발 가능하신분 ● LLM 프롬프트 엔지니어링 가능하신분 ● JWT등 로그인과 인증 관련 경험 있으신분 ● 소프트웨어 관련학과 졸업자",2026.01.28,https://www.work24.go.kr/wk/a/b/1500/empDetailAuthView.do?wantedAuthNo=337981&infoTypeCd=CWT&infoTypeGroup=tb_workinfogubun
337982,AI 웹 서비스 LLM 개발자 (1~5년),아이브릭스,"● LLM 개발 ● 1년 이상의 AI 프로젝트 진행경험 ● Python, FastAPI 백엔드 개발 경험이 있으신분 ● Langchain, RAG, Langgraph를 활용한 AI 에이전트개발 경험이 있으신분 ● Qdrant, Milvus와 같은 벡터 데이터베이스에 대한 이해 및 경험이 있으신분 ● LLM 에 대한 이해 및 openAI, Gemma 모델에 대한 API 호출을 해보신분 ● 문서 표 인식, OCR등에 대한 이해 및 경험이 있으신분 ● 지식그래프, 강화학습, 멀티에이전트에 대한 이해가 있으신분 ● 엘라스틱서치에 대한 이해 및 경험이 있으신분 ● LLM 파인튜닝 경험이 있으신분 ● Docker, Kubernate 컨테이너 활용이 가능하신분 ● pytorch, Hugging face 에 대한 이해 및 활용 가능하신분 ● 오픈소스 LLM모델 서빙 경험이 있으신분 ● 자연어처리에 대한 이해가 있으신분",2026.01.28,https://www.work24.go.kr/wk/a/b/1500/empDetailAuthView.do?wantedAuthNo=337982&infoTypeCd=CWT&infoTypeGroup=tb_workinfogubun
338042,소프트웨어 엔지니어 (Backend),사각,"• 백엔드 시스템 설계 및 구현 • RESTful API 개발 및 유지보수 • 데이터베이스 설계 및 최적화 • 클라우드 환경에서의 배포 및 운영 • 3년 이상의 개발 경험 또는 그에 준하는 역량과 실무 경험 • 2인 이상의 개발팀 리드 경험 • 스타트업에 대한 관심과 이해 • AI 기술 트렌드에 대한 관심 • RESTful API 설계 및 개발 경험 • RDBMS/NoSQL 등 데이터베이스 활용 백엔드 구현 경험 • AWS 등 클라우드 환경 배포 및 운영 경험 • AI 관련 프로젝트 및 플랫폼 설계/개발 경험 • LLM API, LangChain, LangGraph 등을 활용한 AI 서비스 개발 경험 • 오픈 소스 도구 및 플랫폼 수정 및 활용 역량 • 하나 이상의 프로그래밍 언어에 대한 깊이 있는 이해 • 코드 및 설계 리뷰에 열린 마음 • 테스트 방법론에 대한 이해 • 문제 정의 및 해결에 대한 재미 • 오픈소스 소프트웨어 및 툴의 적극적 활용 • 애자일 방법론에 대한 이해 및 실제 제품 개발 적용 경험",2026.01.28,https://www.work24.go.kr/wk/a/b/1500/empDetailAuthView.do?wantedAuthNo=338042&infoTypeCd=CWT&infoTypeGroup=tb_workinfogubun
338044,소프트웨어 엔지니어 (AI Agent),사각,"[AI Agent 시스템 설계 및 개발] • On-Prem 또는 클라우드 환경에서 LLM 기반 AI Agent 시스템을 설계 및 구축합니다. • LangChain, CrewAI 등 프레임워크를 활용한 멀티 에이전트 아키텍처를 구현합니다. • 외부 API, 툴과 연동되는 Tool-Using Agent를 개발하며, RAG 기반 문맥 추론 시스템을 고도화합니다. [AI 기반 플랫폼 및 서비스 개발] • 대화형 AI, 분석 툴 등 다양한 형태의 서비스를 설계하고 운영합니다. • 사용자와 상호작용하는 Web/App 기반 UI를 개발합니다 • AI, 백엔드 시스템 및 외부 서비스와 연동되는 서버 및 API를 구성합니다. [데이터 엔지니어링] • 대화, 로그, 사용자 입력 등 다양한 데이터를 수집하고 파이프라인을 설계합니다. • 실시간 데이터 수집 및 시각화, 대시보드 구현을 통한 모니터링 체계를 구축합니다. • 데이터 품질을 진단하고, Agent의 성능과 사용자 경험 개선에 활용합니다. [운영 및 협업] • 테스트 자동화, 모니터링, 서비스 안정화 등 운영 품질을 지속적으로 개선합니다. • 인프라 관리와 배포 자동화를 통해 지속 가능한 개발 및 운영 환경을 구성합니다. • 기획, 디자인, 연구 등 다양한 직군과 긴밀하게 협업하여 완성도 높은 제품을 함께 만듭니다. • 최신 AI 기술을 빠르게 학습하고, 실제 서비스에 적용하는 데 주도적인 분 • 1개 이상의 분야에서 Software Engineer로 실무 경험이 있으신 분 (Backend / Frontend / AI / Data / ML 등) • RESTful API 설계 및 데이터베이스 운영 경험을 보유하신 분 • AWS, GCP, Azure 등 클라우드 환경에서의 서비스 개발 및 배포 경험이 있으신 분 • 복잡한 시스템 구조 및 데이터 흐름에 대한 이해와 최적화 능력을 보유하신 분 • 다양한 팀과 명확하게 소통하며 협업할 수 있는 능력을 갖추신 분 • 데이터 파이프라인, ETL, MLOps, DevOps를 설계하고 운영해보신 분 • React, Svelte 등으로 사용자 중심 UI를 만들어보신 분 • Docker, Kubernetes 등으로 자동화된 배포 환경을 구성해본 분 • 스타트업 또는 스케일업 환경에서 서비스를 개발부터 런칭까지 주도적으로 경험하신 분 • 헬스케어, 보험, 의료 도메인에 대한 이해가 있으신 분 • GPU 서버 또는 클러스터 환경에서 모델을 운영해본 경험이 있는 분",2026.01.28,https://www.work24.go.kr/wk/a/b/1500/empDetailAuthView.do?wantedAuthNo=338044&infoTypeCd=CWT&infoTypeGroup=tb_workinfogubun
338308,데이터 엔지니어,래브라도랩스,"주요 업무 (Responsibilities) * 데이터 파이프라인 설계 및 운영: 대용량 정형/비정형 데이터를 수집, 변환, 저장하는 확장 가능한 ETL/ELT 파이프라인을 구축합니다. * AI 학습용 데이터셋 고도화: LLM(대규모 언어 모델) 및 다양한 AI 모델 학습을 위한 데이터 클렌징, 레이블링 전략 수립 및 품질 관리(QA)를 담당합니다. * 데이터 거버넌스 수립: 데이터의 보안, 프라이버시, 무결성을 유지하며 효율적인 데이터 활용을 위한 표준 가이드를 제시합니다. * 벡터 데이터베이스 최적화: RAG(검색 증강 생성) 시스템 구축을 위한 임베딩 데이터 처리 및 벡터 DB 운영을 지원합니다. 자격 요건 (Qualifications) * 경력: 데이터 처리 또는 데이터 엔지니어링 관련 실무 경력 3년 이상 * 기술 스택: * Python, Go 중 하나 이상의 언어에 능숙하신 분 * SQL 및 NoSQL 데이터베이스에 대한 깊은 이해와 쿼리 최적화 경험이 있으신 분 * Spark, Flink, Kafka, iceberg 등 빅데이터 처리 프레임워크 활용 능력을 갖추신 분 * 문제 해결 능력: 복잡한 데이터 구조를 분석하고, 비즈니스 요구사항에 맞는 데이터 스키마를 설계할 수 있는 역량 우대 사항 (Preferred Qualifications) * AI 프로젝트 실무 경험: * LLM 파인튜닝 또는 RAG 시스템 구축을 위한 데이터 전처리 경험이 있으신 분 * LangChain, LlamaIndex 등 AI 오케스트레이션 도구 사용 경험이 있으신 분 * 클라우드 네이티브 환경: AWS, GCP, Azure 등 클라우드 운영 경험 * AI 협업 능력: Prompt Engineering에 익숙하거나, AI 모델러와의 원활한 소통을 통해 데이터 요건을 정의할 수 있는 분 * Mlopps/DataOps: 데이터 품질을 자동으로 검증하고 배포하는 CI/CD 파이프라인 구축 경험 * 컴퓨터 또는 인공지능 관련 전공자, 석박사 학위자 우대",2026.01.29,https://www.work24.go.kr/wk/a/b/1500/empDetailAuthView.do?wantedAuthNo=338308&infoTypeCd=CWT&infoTypeGroup=tb_workinfogubun
338500,풀스택 프로덕트 엔지니어 (10년 이상),인테그럴알앤디,"• 백엔드 중심의 풀스택 개발을 주도하며, API·서비스·사용자 대상 애플리케이션 전반에 대한 end-to-end 개발을 담당합니다. • Python, Kotlin, Golang, TypeScript 중 하나 이상의 언어를 활용하여 고가용성 분산 시스템을 설계하고 구현합니다. • AWS 환경(Lambda, SQS, SNS, ECS 등)에서 확장 가능하고 안정적인 백엔드 시스템을 설계·운영합니다. • SQL 및 NoSQL 데이터베이스를 활용해 행동건강 데이터를 모델링하고 저장 구조를 설계합니다. • 엔지니어링, 프로덕트, 임상(Clinical) 팀과 협업하여 실제 임팩트가 있는 복잡한 문제를 해결합니다. • 개발부터 배포, 모니터링까지 코드에 대한 오너십을 가지며 높은 자율성과 책임감을 가지고 일할 분을 찾습니다. •영어 필수 •Python에 능숙하며 Kotlin, Golang, Java, TypeScript 중 하나 이상의 언어 사용 경험이 있으신 분 • 분산 시스템, 서버리스(AWS Lambda), 이벤트 기반 아키텍처 개발 경험이 있으신 분 • PostgreSQL, DynamoDB 등 SQL / NoSQL 데이터베이스 활용 경험이 있으신 분 • 높은 오너십과 책임감을 요구하는 환경에서 주도적으로 일해본 경험이 있으신 분 • GenAI 및 LLM을 도구 또는 제품의 일부로 활용하는 데 관심이 있으신 분 • 코드 품질, 안정성, 성능, 보안을 중요하게 생각하시는 분 • 깔끔하고 유지보수가 쉬우며 보안이 고려된 프로덕션 코드를 작성할 수 있는 분 • HIPAA, 개인정보 보호, 컴플라이언스를 고려한 개발 환경에 익숙하시거나 학습 의지가 있으신 분 • 헬스케어, EHR 연동, 개인정보 민감도가 높은 도메인에서의 개발 경험이 있으신 분 • 머신러닝 모델 또는 ML 기반 제품 기능 개발 경험이 있으신 분 • LLM 에이전트, 벡터 데이터베이스 및 LangChain, LlamaIndex, Weaviate, Pinecone, Haystack 등 활용 경험이 있으신 분 • 백엔드가 주력이지만 웹 또는 크로스플랫폼 모바일 개발(TypeScript, React/Next.js, Flutter, React Native)에 대한 이해가 있으신 분 • 스타트업 환경에서 초기 인프라를 구축하거나 스케일링 문제를 해결해본 경험이 있으신 분",2026.01.30,https://www.work24.go.kr/wk/a/b/1500/empDetailAuthView.do?wantedAuthNo=338500&infoTypeCd=CWT&infoTypeGroup=tb_workinfogubun
338649,MLOps/LLMOps Engineer (전문연 지원 가능),제논,"• 생성형 AI/멀티모달 서빙 아키텍처 설계·구축·운영 (LLM/VLM, 이미지·비디오 생성/편집, STT/TTS 등) • 실시간/비동기/배치 기반 추론 파이프라인 설계 및 최적화 • 멀티노드·멀티 GPU/NPU 환경 성능 튜닝 및 안정성/가용성 개선 • Kubernetes 기반 가속기 자원 스케줄링·격리·운영 고도화 (MIG/MPS/HAMi 등) • 오토스케일링/로드밸런싱/Failover 포함 대규모 트래픽 대응 체계 구축 • 분산 학습 파이프라인 설계 및 최적화 (Data/Model/Pipeline Parallel) • LLM 서빙·학습 프레임워크 **비교/도입/최적화** (vLLM/SGLang/TensorRT-LLM/Triton, DeepSpeed/Megatron-LM/FSDP) • 서비스 관측성(Observability) 구축 및 운영 자동화 (지표/로그/트레이싱, 모니터링/알림) • ML/LLMOps 생산성 도구 개발 (데이터/실험/배포 자동화, 재현성·확장성 확보) • LLM/VLM/Diffusion/Speech 등 생성형·멀티모달 모델 이해 및 파이프라인 설계 경험 • LLM, 이미지/비디오 생성·편집, STT/TTS 중 2종 이상 프로덕션 서빙 경험 • 실시간/스트리밍/배치 추론 시스템 설계·운영 경험 • vLLM/SGLang/TensorRT-LLM/Triton/ONNX Runtime 중 1개 이상 활용 및 추론 최적화(KV Cache/Batching) 경험 • DeepSpeed/Megatron-LM/FSDP 중 1개 이상 기반 분산 학습 및 체크포인팅 운영 경험 • GPU/NPU 가속 환경 이해(NCCL, InfiniBand/RDMA, MIG/MPS/HAMi) • Linux 기반 개발·운영 및 OS/네트워크 기본기 • 멀티모달/생성형 AI 대규모 프로덕션 서빙 운영 및 장애 대응 경험 • 고급 추론 최적화 경험(Continuous Batching, Prefix/KV Cache, Quantization, TensorRT/ONNX 등) • 분산 학습 운영 고도화 경험(재시작/복구, 체크포인트, 스케줄링 튜닝) • Kubernetes 기반 GPU 클러스터 운영 및 자원 스케줄링/격리 경험(MIG/MPS/HAMi 등) • InfiniBand/RDMA, NCCL 튜닝 등 고속 네트워크 기반 성능 최적화 경험 • Observability/운영 자동화(SLO/알림/자동복구/배포) 구축 경험 • **LLM 워크플로우**(RAG/Agent/Tool-use) **설계·운영** 및 **평가/A·B 테스트** 경험 • **클라우드**(AWS/GCP/Azure) 기반 AI 서비스 구축·운영 및 **오픈소스/외부 서비스 연동** 경험",2026.01.30 ,https://www.work24.go.kr/wk/a/b/1500/empDetailAuthView.do?wantedAuthNo=338649&infoTypeCd=CWT&infoTypeGroup=tb_workinfogubun
338740,멀티 로봇 ​트래픽제어 ​엔지니어,리보틱스,"• 멀티 로봇 트래픽 제어 알고리즘 설계 및 구현: 다수 로봇이 동시에 이동하는 환경에서 경로, 우선순위, 제약 조건을 고려한 트래픽 제어 알고리즘을 설계하고 구현합니다. • 충돌·정체 방지 로직 개발: 로봇 간 충돌, 교착 상태(Deadlock), 병목 구간을 예방하기 위한 안전하고 효율적인 제어 로직을 개발합니다. • AI·데이터 기반 트래픽 최적화: 실시간 로봇 상태 및 운영 데이터를 활용하여 이동 예측, 혼잡 완화, 트래픽 효율을 개선하는 최적화 로직을 개발합니다. • 시뮬레이션 및 실환경 검증: 시뮬레이션 환경과 실제 로봇 운용 환경에서 트래픽 제어 성능을 검증하고 지속적으로 튜닝합니다. • 운영 환경 문제 분석 및 개선: 현장 적용된 멀티 로봇 트래픽 제어 시스템의 이슈를 분석하고 안정성과 효율을 향상시킵니다. • MAPF 알고리즘 구현 경험: Multi-Agent Path Finding(MAPF) 알고리즘을 실제 멀티 로봇 환경에 적용하고 최적화하며, 충돌 및 Deadlock 예방 로직을 통합하고 시뮬레이션과 실환경에서 검증한 경험을 보유합니다. • 경력: 멀티 로봇, AMR/AGV 또는 다중 에이전트 환경에서 트래픽 제어, 경로 계획 관련 실무 경험 3년 이상. • 학력: 컴퓨터공학, 로보틱스, 전자공학, 산업공학 등 관련 학과 학사 이상. • 언어: C++ (필수), Python 경험. • 기본 지식: 자료구조, 알고리즘 설계, 경로 탐색(A*, Dijkstra 등) 및 최적화 기법에 대한 탄탄한 이해. • 수학적 이해: 그래프 이론, 조합 최적화, 확률적 모델 또는 상태 공간 탐색에 대한 이해. • 최적화 라이브러리: OR-Tools, Gurobi, CPLEX 등 최적화 라이브러리를 활용한 경로 계획/트래픽 제어 경험. • AI 기반 개발: AI·머신러닝 기반 로봇 이동 예측 및 트래픽 최적화 모델 개발 경험. • 실환경 적용: AMR/AGV 등 대규모 멀티 로봇 트래픽 제어 시스템의 현장 적용 경험. • 실시간 시스템 개발 경험: RTOS, 실시간 데이터 처리 및 제어 로직 개발 경험. • 관련 전공 석사: 로보틱스, 컴퓨터공학, 산업공학 등 관련 전공 석사 이상.",2026.02.11,https://www.work24.go.kr/wk/a/b/1500/empDetailAuthView.do?wantedAuthNo=338740&infoTypeCd=CWT&infoTypeGroup=tb_workinfogubun
339129,AI서비스 Product Builder,나이스지니데이타,"AI 개발을 통한 제품 구현 ●AI 서비스 MVP 기획 및 프로토타이핑: 당사가 운영중인 Lang-chain Architecture 를 활용하여 아이디어를 빠르게 서비스 형태로 구현하고 가설을 검증 ●RAG 기반 서비스 로직 설계: 효율적인 정보 추출 및 답변 생성을 위한 RAG(검색 증강 생성) 구조를 설계하고 다양한 데이터를 적용 ●데이터 활용 AI 서비스 발굴: 회사가 보유한 다양한 데이터와 LLM 기술을 결합하여 새로운 비즈니스 가치를 창출하는 실험적인 서비스 시도 ●웹개발팀과의 기술 협업: 웹서비스 개발팀과 소통하며 MVP의 핵심 로직이 원활하게 제품화될 수 있도록 가교 역할을 수행 ●LLM 및 RAG 이해 및 구현능력: 랭체인(LangChain) 등 프레임워크와 대규모 언어모델의 원리를 이해하고, 이를 실제 서비스 구현에 녹여낼 수 있는 분 ●개발경험: AI라이브러리와 Python(FastAPI, Flask 등)을 활용해 서비스의 핵심 기능을 직접 빌드해 본 경험 (심도 있는 백엔드 엔지니어링보다는 AI모듈 구현과 검증 중심). ●AI 자동화 도구 활용 능력: Cursor, GitHub Copilot, v0, Bolt.new 등 AI 기반 개발 도구를 능숙하게 사용하여 구현 속도를 극대화할 수 있는 분. ●AI 관련 공모전 입선, 해커톤 참여 등 제한된 시간 내에 결과물을 만들어낸 경력 보유하신 분 ●챗봇 개발 경험 혹은 사용자 의도 분류(Intent Classification) 모델 관련 연구/개발 경험 하신 분 ●클라우드(AWS, GCP) 환경에서의 서비스를 개발해본 경험이 있는 분",2026.02.03,https://www.work24.go.kr/wk/a/b/1500/empDetailAuthView.do?wantedAuthNo=339129&infoTypeCd=CWT&infoTypeGroup=tb_workinfogubun
339441,AI솔루션엔진 백엔드 개발(3년이상),이글루코퍼레이션,"• AI 탐지/분석 엔진 백엔드 개발 • AI Agent 솔루션 백엔드 개발 • 학력 : 대졸 이상 • 경력 : 경력 3년 이상 • Python, Node.js 기반 백엔드 개발 • 쿠버네티스(Kubernetes) 컨테이너 기반 개발 • 리눅스 환경 개발 • 해외 여행에 결격 사유가 없는 분 • Rust 개발 경험 • Langchain 개발 경험 • Pytorch, Tensorflow 등 ML 프레임워크 사용 경험자",2026.02.03,https://www.work24.go.kr/wk/a/b/1500/empDetailAuthView.do?wantedAuthNo=339441&infoTypeCd=CWT&infoTypeGroup=tb_workinfogubun
339810,웹 프론트엔드 개발자,이너버즈,"• 브라우저상에서 작동하는 고성능 비디오 편집 엔진과 AI 파이프라인을 개발합니다. • React와 Next.js를 기반으로 툰킷(ToonKit)의 비디오 편집기 UI를 개발하고 유지보수합니다. • Canvas API와 Web Worker를 활용하여 브라우저 내에서 고성능 렌더링 및 편집 기능을 구현합니다. • AI 기반 콘텐츠 생성 파이프라인을 프론트엔드단에서 최적화하여 구현합니다. • Spring Boot 기반의 백엔드 API를 개발하고 프론트엔드와 연동합니다. • Claude Code, Cursor, GitHub Copilot 등 AI 코딩 에이전트의 적극적인 활용을 권장합니다. • AI 도구를 통해 생산성을 높이고 더 중요한 문제 해결에 집중하는 문화를 지향합니다. • 애자일 방법론을 기반으로 한 협업 문화를 가지고 있습니다. • React, TypeScript를 활용한 실무 개발 경험이 3년 이상이신 분 • Next.js 기반의 프로젝트 구축 및 운영 경험이 있으신 분 • Redux, Zustand, Recoil 등 전역 상태 관리 라이브러리를 능숙하게 설계하고 사용해 보신 분 • CSS 및 Tailwind CSS를 활용하여 디테일한 반응형 UI를 구현할 수 있는 분 • Spring Boot를 활용한 RESTful API 설계 및 개발 경험이 있으신 분 • CI/CD 파이프라인 구축 등 데브옵스 관련 경험이 있으신 분 • Web Codecs, Canvas, Web Worker, Web Audio 등 브라우저의 저수준 API를 활용하여 미디어 처리 기능을 개발해 본 경험이 있으신 분 • 이미지, 비디오 등 생성형 AI 모델을 서비스에 적용해 본 경험이 있으신 분",2026.02.05,https://www.work24.go.kr/wk/a/b/1500/empDetailAuthView.do?wantedAuthNo=339810&infoTypeCd=CWT&infoTypeGroup=tb_workinfogubun
340061,AI 개발,두꺼비세상,"• 부동산 실거래 데이터를 ​분석하고, 특성 ​정보 병합 등을 통해 종합적인 부동산 데이터셋을 구축해요. • 머신러닝·딥러닝 기술을 활용해 데이터 모델링 방향을 제시하고 알고리즘을 개발해요. • Agent 기반 구조를 활용해 부동산 도메인에 특화된 LLM 챗봇을 기획·개발해요. • 부동산 관련 서류를 대상으로 OCR 모델을 개발하고, 성능 검증 및 운영 프로세스를 설계해요. • 부동산 데이터에 기반한 권리조사·투자보고서 자동화 서비스를 LLM 또는 RPA 방식으로 개발해요. • 컴퓨터공학, 통계학 등 인공지능 관련 전공을 이수하신 분 • LLM, RAG, 벡터 DB 개념을 이해하고 LangChain 등으로 간단한 PoC를 구현해본 경험이 있으신 분 • HTML, PDF, 이미지 데이터 정제·크롤링·OCR 등 데이터 처리 경험이 있거나 이에 관심이 있으신 분 • 실험 결과를 재현 가능한 형태로 정리하고 문서화하여 팀과 공유할 수 있는 분 • 결과물에 대해 논리적으로 설명하고, 팀과 원활하게 협업해본 경험이 있으신 분 • Python을 활용한 데이터 수집·전처리 및 간단한 API 또는 스크립트 개발이 가능하신 분 • 부동산 데이터 및 부동산 산업 전반에 관심이 많으신 분 • 인공지능·컴퓨터공학 분야 석사 이상 학위를 보유하신 분 • 멀티모달 데이터를 활용해 LLM을 파인튜닝해본 경험이 있으신 분 • 부동산 산업의 온·오프라인 채널 구조와 시장 트렌드에 대한 이해도가 높으신 분",,https://www.work24.go.kr/wk/a/b/1500/empDetailAuthView.do?wantedAuthNo=340061&infoTypeCd=CWT&infoTypeGroup=tb_workinfogubun
340291,AI 엔지니어,스냅컴퍼니,"• 분야별 전문 AI 에이전트 설계 및 구현 (예: 기획, 개발, 인사, 재무, 운영 등 도메인 특화 에이전트) • LLM 기반 멀티 에이전트 아키텍처 설계 및 오케스트레이션 • 비정형 데이터를 구조화된 데이터로 변환하는 파이프라인 설계 • Intent 분류, Action 추출, Canonical, Taxonomy, Ontology 매핑 등 • 프롬프트, 툴 호출, 상태 관리 기반의 에이전트 워크플로우 설계 • 벡터 검색, 임베딩, RAG 기반 지식 활용 구조 설계 및 최적화 • 에이전트 품질 평가 및 개선을 위한 룰/스코어링/피드백 시스템 구축 • 백엔드 서비스(API, DB, 워커)와 AI 에이전트 간 연동 개발 • LLM 비용, 응답 속도, 정확도를 고려한 시스템 최적화 • Python 기반 백엔드 또는 AI 시스템 개발 경험 3년 이상 • LLM(OpenAI, Claude, LLaMA 등) 활용 서비스 개발 경험 • 프롬프트 엔지니어링 및 출력 스키마 설계 경험 • 벡터 DB(FAISS, Milvus, Pinecone 등) 또는 임베딩 기반 검색 이해 • 비정형 텍스트를 구조화된 데이터로 변환하는 문제에 대한 이해 • REST API 또는 비동기 처리 기반 서비스 개발 경험 • 문제를 시스템 단위로 분해하고 설계할 수 있는 능력 • 멀티 에이전트 프레임워크 사용 경험 (LangGraph, LangChain 등) • 업무 자동화, 에이전트, 플래너, 워크플로우 시스템 개발 경험 • RAG, 지식 그래프, 온톨로지, 캐노니컬 데이터 설계 경험 • LLM 평가(Eval), 프롬프트 버저닝, 실험 자동화 경험 • 비용/성능 최적화를 위한 LLM 호출 전략 설계 경험 • AI 솔루션 아키텍처를 주도적으로 설계한 경험 • AI 제품을 “연구”가 아닌 “서비스”로 만들어본 경험 • vLLM 서빙 경험",2026.02.05,https://www.work24.go.kr/wk/a/b/1500/empDetailAuthView.do?wantedAuthNo=340291&infoTypeCd=CWT&infoTypeGroup=tb_workinfogubun
340342,AI 솔루션 백엔드 개발,스카이월드와이드,"• Java Spring Boot 기반 백엔드 API 개발 및 유지보수 • MSA 전환을 위한 서비스 분리 및 리팩토링 • Java Spring 서비스를 FastAPI로 단계적 전환 • CI/CD 파이프라인 설계, 구축 및 운영 • Java Spring Boot 백엔드 개발 실무 경험 6년 이상 경험 있으신분 • JPA/Hibernate 실무 경험이 있으신 분 • Python FastAPI 실무 경험이 있으신 분 • RESTful API 설계 및 개발에 능숙하신 분 • DevOps 기본 역량 있으신분 • LangChain, LangGraph, LangFlow 등 AI Agent 프레임워크 구축 경험이 있으신 분 • MCP(Model Context Protocol) 개발 경험이 있으신 분 • 정보처리기사 또는 동등한 자격증 소지 하신 분 • Git, JIRA 등 협업 도구 활용 및 프로젝트 문서화에 능숙하신 분",2026.02.05,https://www.work24.go.kr/wk/a/b/1500/empDetailAuthView.do?wantedAuthNo=340342&infoTypeCd=CWT&infoTypeGroup=tb_workinfogubun
340343,AI 솔루션 AI Engineer,스카이월드와이드,"• ComfyUI 기반 프로젝트의 안정적인 운영 및 장애 대응 • ComfyUI API 연동 및 자동화 파이프라인 구축 • 생성형 이미지 AI 개발 • ComfyUI 커스텀 노드 개발 및 워크플로우 최적화 경험이 있으신 분 • ComfyUI API 연동 및 자동화 파이프라인 구축 경험이 있으신 분 • Python FastAPI 실무 경험이 있으신 분 • LangChain, LangGraph, LangFlow 등 AI Agent 프레임워크 구축 경험이 있으신 분 • MCP(Model Context Protocol) 개발 경험이 있으신 분 • 정보처리기사 또는 동등한 자격증 소지 하신 분 • Git, JIRA 등 협업 도구 활용 및 프로젝트 문서화에 능숙하신 분",2026.02.05,https://www.work24.go.kr/wk/a/b/1500/empDetailAuthView.do?wantedAuthNo=340343&infoTypeCd=CWT&infoTypeGroup=tb_workinfogubun
340436,AI 솔루션 담당 7년 이상,페르소나에이아이,"1. 엔터프라이즈 환경을 고려한 RAG 아키텍처 설계 및 고도화 2. Vector DB, Knowledge Graph 를 결합한 지식 검색, 추론 파이프라인 개발 3. 멀티 모달 기반 질의 응답 품질 개선을 위한 검색 전략 설계 4. RAG 성능 평가 지표 정의 및 정량/정성 평가 체계 구축 5. 기술 리딩 및 중간관리 1. RAG, 검색 시스템 기반 실무 개발 역량 2. Vector DB, Knowledge Graph 를 결합한 지식 검색, 추론 파이프라인 개발 역량 3. 대규모 문서 데이터 전처리 및 색인/검색 전략 수립 역량 4. 파이썬 기반 백앤드 개발 및 API 설계 역량 5. 기술적 의사결정 및 아키텍처 문서화 역량 1. Ontology, Knowledge Graph 기반 구조화 지식 설계 경험 2. Multi-RAG, Agentic RAG, Tool-Calling 기반 시스템 개발 경험 3. Feedback-loop, Human-in-the-Loop 개발 경험 4. 검색품질(NDCG, Recall, Precision) 및 LLM 평가 프레임워크 활용 경험 5. AI 모델 튜닝 및 Mode Graph 수정 경험",2026.02.12,https://www.work24.go.kr/wk/a/b/1500/empDetailAuthView.do?wantedAuthNo=340436&infoTypeCd=CWT&infoTypeGroup=tb_workinfogubun
340631,Data Engineer (데이터 엔지니어),아이샵케어,"· 확장 중인 아이샵케어 데이터 파이프라인과 데이터 마트를 모니터링하고, 병목 지점을 찾아 최적화해요. · Snowflake 기반 데이터 웨어하우스를 운영하고, 성능과 비용을 균형 있게 관리해요. · Airflow를 기반으로 다양한 원천 데이터를 안정적으로 수집·적재하고, 운영 이슈를 예방할 수 있는 구조를 만들어가요. · dbt로 데이터 마트를 관리·개선하며, 비즈니스 요구사항을 데이터 구조로 잘 풀어낼 수 있도록 설계해요. · Tableau 서버 인프라를 운영·모니터링하고, 안정적인 분석 환경을 유지해요. · AWS, Docker, Snowflake 기반 환경에서 데이터 인프라를 2년 이상 운영해 본 경험이 있는 분을 찾고 있어요. · 작은 데이터 환경에서도 성능과 비용을 함께 고려해 파이프라인을 설계하고 운영할 수 있는 분을 찾고 있어요. · 다양한 서비스/플랫폼 환경에서 데이터 파이프라인·마트 구축 및 운영을 주도하며, 비즈니스 요구사항을 데이터 구조로 구체화해 본 경험이 있는 분을 찾고 있어요. · 팀원 및 다양한 이해관계자와 긴밀히 협업하며, 빠르게 변화하는 환경에서도 책임감과 오너십을 가지고 인프라를 안정적으로 운영·개선해 온 분을 찾고 있어요. · DuckDB, Polars, Apache Arrow 등 컬럼 기반 데이터 처리 엔진을 활용해 성능 최적화를 해본 경험이 있으면 더 좋아요. · 데이터를 활용한 업무 자동화나 AI 기능을 직접 실험·구현하고, 이를 실제 프로덕트 또는 비즈니스 개선으로 연결해본 경험(또는 강한 관심)이 있으면 더 좋아요. · MCP, LangChain, Slackbot 등 AI 도구를 이해하고, 의사결정·업무 흐름·제품 운영에 AI를 어떻게 적용할지 고민하며 배움을 팀과 공유하는 것을 즐기는 분이면 더 좋아요.",2026.02.06,https://www.work24.go.kr/wk/a/b/1500/empDetailAuthView.do?wantedAuthNo=340631&infoTypeCd=CWT&infoTypeGroup=tb_workinfogubun
340700,IT개발(Back-end) 6~10년,코웨이,"• B2B/B2C 플랫폼 서비스 구축/운영 • DX(Digital Transformation) 업무 시스템 구축/운영 • AX(AI Transformation) 업무 시스템 구축/운영 • 국내/외 신사업 프로젝트 지원 • AWS/GCP 등 퍼블릭 클라우드 활용하여 서비스 구축/운영 • 6년~10년 Back-end Java 개발 경험자 • Spring-boot 프레임워크 기반 개발 경험자 • REST API 기능 명세서 작성 경험자 • 웹/앱 등 다양한 클라이언트 대상 Back-end 시스템 운영 경험자 • 외부 솔루션 연동 경험자 • Kotlin 개발 경험자 • Git 형상관리 활용 경험자 • 개발 구성원 간 코드리뷰 및 리팩토링 경험자 • AWS/GCP 등 퍼블릭 클라우드 서비스 활용 경험자 • Docker/K8S 활용 경험자 • RDB(MySQL, PostgreSQL 등) 활용 경험자 • 3인 이상 개발인력 참여 과업의 개발 리더 역할 경험자 • 상용 LLM(Gemini, OpenAI, Claude 등) API 연동 및 서비스 적용 경험자",2026.02.06,https://www.work24.go.kr/wk/a/b/1500/empDetailAuthView.do?wantedAuthNo=340700&infoTypeCd=CWT&infoTypeGroup=tb_workinfogubun
340936,[대구] AI연구소 AI/데이터 연구원,씨엘모빌리티,"ㅇ AI/데이터: 모빌리티 수요예측·경로 최적화·운행데이터 분석을 위한 AI 모델 연구/개발 및 서비스 적용 공통적으로, 우리는 단순히 기능을 만드는 것이 아니라 “AI로 모빌리티를 혁신한다”는 비전 아래 실제 현장을 바꾸는 플랫폼을 함께 만들어 갑니다. ㅇ 기본 요건 (공통) - 새로운 기술과 도전에 열린 태도를 가진 분 - 원활한 협업과 커뮤니케이션 역량을 갖춘 분 - 문제를 발견하면 **“왜, 어떻게 개선할까”**를 먼저 고민하는 분 ㅇ AI/데이터 - 머신러닝/딥러닝 기본 지식 및 실제 프로젝트 경험 - TensorFlow/PyTorch 활용 경험 - RAG, LLM, NLP/컴퓨터비전 등 모빌리티 관련 AI 적용 경험 우대 모빌리티·물류·운송 서비스 관련 프로젝트 경험 AWS/GCP/Azure 등 클라우드 환경에서 MSA 구축·운영 경험 Kafka, RabbitMQ 등 메시지 기반 아키텍처 설계 경험 RAG, LangChain, LLM 등 최신 AI 기술을 실제 서비스에 적용한 경험 Jira/Notion/Confluence 등 협업 툴을 활용한 Agile 개발 경험 스타트업/스케일업 환경에서 빠른 사이클로 제품을 출시·운영한 경험 오픈소스 프로젝트 기여, 기술 블로그 운영, 해커톤/대회 수상 등 개발 커뮤니티 활동 경험",2026.02.12,https://www.work24.go.kr/wk/a/b/1500/empDetailAuthView.do?wantedAuthNo=340936&infoTypeCd=CWT&infoTypeGroup=tb_workinfogubun
341889,Backend Engineer (AI Agent Application),마키나락스,"• AI Agent 및 모델 컴포넌트를 서비스 환경에 연동하여, 사용자가 안정적으로 활용할 수 있는 서빙 구조를 구현합니다. • 서비스 요구사항을 바탕으로 백엔드 API와 데이터 모델을 설계·구현하고, 데이터베이스 구조를 구축합니다. • 배포 자동화와 운영 환경을 구축하고, 성능 및 안정성 개선을 주도합니다. • 시스템 모니터링 및 장애 대응을 통해 안정적인 서비스 운영을 지원합니다. • 효율적인 협업을 위해 팀 내외부와의 기술 공유·코드 리뷰·아키텍처 토론에 적극 참여합니다. • 3년 이상의 백엔드 개발 경력 또는 이에 준하는 역량을 갖추신 분 • 자료구조, 운영체제, 컴퓨터 시스템 아키텍처 등 CS 기초 지식이 탄탄하며, Git 기반의 팀 단위 개발 및 코드 협업 경험이 있는 분 • REST API에 대한 이해를 바탕으로 도메인 구조를 고려한 API 설계·구현·운영 경험이 있는 분 • 서비스 요구사항을 반영한 데이터 모델링 및 데이터베이스 설계 경험이 있는 분 • 클라우드 및 온프레미스 환경에서 Docker, Kubernetes 기반 서비스의 배포 및 운영 경험이 있는 분 • Python에 능숙하고, FastAPI를 사용한 Async API 서버를 개발하실 수 있는 분 • 비동기 작업 처리 시스템을 설계·운영하며, 장애 분석 및 트러블슈팅 경험이 있는 분 • 대규모 파일 업로드 및 처리 파이프라인을 설계·운영하며, 성능 및 안정성 이슈를 분석하고 개선한 경험이 있는 분 • 외부 IdP(Keycloak 등)를 활용한 인증·인가 연동 경험이 있는 분 • GitHub Actions, GitLab CI 등 CI/CD 도구를 활용하여 서비스 배포 자동화 및 운영을 수행한 경험이 있는 분",2026.02.12,https://www.work24.go.kr/wk/a/b/1500/empDetailAuthView.do?wantedAuthNo=341889&infoTypeCd=CWT&infoTypeGroup=tb_workinfogubun
533808,AI Agent Engineer 채용,넥스트증권,"AI Agent 시스템 개발 및 프로덕션화 LLM 기반 자율 에이전트를 설계, 구축, 배포하여 개인화된 금융 컨텐츠 생성 및 추천 서비스 제공 LangChain, LangGraph, AutoGen 등 에이전트 프레임워크를 활용한 멀티-에이전트 시스템 구축 Function Calling, Tool Use, 프롬프트 엔지니어링을 통한 에이전트 행동 제어 및 최적화 에이전트 간 협업 프로토콜 및 오케스트레이션 워크플로우 설계 End-to-End Product 개발 실시간 사용자 피드백 기반 에이전트 성능 개선 및 이터레이션 PM, 디자이너, 엔지니어와 긴밀히 협업하여 제품 요구사항을 기술 솔루션으로 구현 에이전트 신뢰성, 안정성, 확장성을 보장하는 프로덕션 시스템 구축 RAG 및 지식 관리 시스템 금융 데이터 소스(뉴스, 공시, 시장 데이터)를 활용한 RAG 시스템 구축 및 최적화 벡터 데이터베이스(Weaviate, Pinecone, Qdrant 등)를 활용한 시맨틱 검색 및 컨텍스트 관리 실시간 피처 파이프라인 개발 및 대규모 유저 행동 로그 처리 5년 이상의 AI/ML 엔지니어 또는 백엔드 엔지니어 경력 AI Agent 개발 핵심 경험 LLM 기반 에이전트 시스템을 프로덕션 환경에서 구축 및 배포한 경험 Function Calling, Tool Use, 프롬프트 엔지니어링을 통한 에이전트 제어 경험 LangChain, LangGraph, AutoGen 등 에이전트 프레임워크 사용 경험 RAG 시스템 구축 경험 (벡터 DB, 시맨틱 검색, 컨텍스트 관리) FastAPI, gRPC 등을 활용한 API 개발 및 백엔드 시스템 구축 경험 제품 개발 및 사용자 중심 사고 End-to-End 제품 개발 경험 (아이디어 → MVP 프로덕션) 사용자 피드백 기반 빠른 이터레이션 및 A/B 테스트 경험 PM, 디자이너 등 비기술 팀과의 크로스-펑셔널 협업 경험 고급 AI Agent 기술 멀티-에이전트 시스템 및 에이전트 간 협업 프로토콜 구현 경험 강화학습(RL) 또는 RLHF를 통한 에이전트 학습 경험 LLM 파인튜닝 및 도메인 특화 모델 개발 경험 에이전트 평가 프레임워크 및 자동화된 테스팅 구축 경험 플랫폼 및 인프라 LLMOps 구축 및 운영 경험 (LangSmith, Helicone, LangFuse 등) 하이브리드 클라우드 아키텍처 환경에서 AI 모델 학습 및 추론 경험 Python 능숙 및 PyTorch/TensorFlow 등 딥러닝 프레임워크 활용 능력 GPU 프로파일링/튜닝 경험 Kubernetes/Docker 기반 컨테이너화 및 배포 경험 실시간 스트리밍 데이터 처리 파이프라인 구축 경험",2025.12.25,https://www.work24.go.kr/wk/a/b/1500/empDetailAuthView.do?wantedAuthNo=533808&infoTypeCd=CAT&infoTypeGroup=tb_workinfogubun
534774,Software Engineer - AI Agent 채용,티맵모빌리티,"AI Agent 시스템 개발 및 운영 LLM 기반 AI Agent 설계 및 개발합니다. (GPT-4, Claude 등) LangChain, AutoGPT 등 프레임워크 기반의 지능형 Agent 아키텍처 구축합니다. 다양한 도구, 외부 API와 연동되는 Tool-Using Agent 개발합니다. 장기 기억(Memory), Vector DB, RAG 기반 문맥 처리 및 고도화합니다. AI Agent 플랫폼 및 서비스 개발 신규 및 기존 서비스(대화형 AI, 분석 도구 등) 설계, 개발, 운영합니다. 사용자와 상호작용하는 Web/App 기반 UI 개발합니다. (Front-end) AI, 백엔드 시스템, 외부 서비스와 연동되는 서버/API 구축합니다. (Back-end) 데이터 및 모델 엔지니어링 대화, 로그, 상호작용 등 다양한 데이터 파이프라인 설계 및 품질 관리합니다. 자연어처리, 음성인식, 감성분석 등 AI 모델 학습/배포 및 성능 개선합니다. 실시간 데이터 처리, 대시보드 및 시각화 기능 구현합니다. 운영/협업/품질관리 제품 품질 향상을 위한 테스트 자동화, 모니터링, 서비스 안정화합니다. DevOps 및 CI/CD 환경 기반의 클라우드 자동화/배포/운영합니다.(AWS, GCP 등) 기획, 디자인, QA, 데이터 과학자 등 다양한 직군과의 협업 주도합니다. Software Engineer 경력 3년 이상이거나 이에 준하는 경험을 보유하신 분 (Front-end / Back-end / Data / ML 중 1개 이상) Python, Java, JavaScript(React 등), SQL 중 하나 이상에 능숙하신 분 RESTful API 설계 및 DB 운영 경험 보유하신 분 AWS, GCP, Azure 등 클라우드 환경에서의 서비스 개발 및 배포 경험 보유하신 분 복잡한 데이터 흐름 및 시스템 구조에 대한 이해와 최적화 능력 보유하신 분 다양한 팀과 명확한 의사소통이 가능한 커뮤니케이션 역량 보유하신 분 이런 경험이 있다면 더 환영합니다. 대화형 AI, NLP, 음성인식 등 AI/ML 솔루션 실무 경험 보유하신 분 Spark, Kafka 등 대용량/실시간 데이터 처리 기술 경험 보유하신 분 데이터 파이프라인, ETL, MLOps, DevOps 설계 및 운영 경험 보유하신 분 React, Vue 등 최신 프론트엔드 프레임워크 기반 UI 개발 경험 보유하신 분 Docker, Kubernetes 등 컨테이너 기반 자동화/배포 환경 경험 보유하신 분 스타트업/스케일업 환경에서 서비스 기획-개발-런칭까지 주도적으로 경험 보유하신 분 영어 또는 다국어 기반의 글로벌 협업 환경 경험 보유하신 분",2026.01.05,https://www.work24.go.kr/wk/a/b/1500/empDetailAuthView.do?wantedAuthNo=534774&infoTypeCd=CAT&infoTypeGroup=tb_workinfogubun
535275,AI Agent Engineer 채용,현대캐피탈,"·AI Agent 설계·개발 및 RAG 구현·최적화 ·Prompt/Context Engineering 및 AI Agent 평가·검증 ·다기능 팀 협업 및 최신 기술 트렌드 연구 (1) 경험 ·Python 개발 라이브러리 활용 및 Git·Docker・Kubernetes 등 DevOps 도구 사용 능력 · RAG·LLM 파인튜닝 · 벡터 DB 경험, Prompt/Context Engineering 및 최적화 수행 · 생성형 AI 모델 · 애플리케이션 평가·검증 방법론 이해, 성능 최적화·확장성 설계 사고 . 혁신적 문제 해결·원활한 커뮤니케이션, 데이터 프라이버시 ·보안 준수 인식 (2) 기술/역량 ·AI Agent·RAG 기술 기획·실행 ·관리 역량 ·Python 기반 개발·DevOps 프로세스 실무 역량 · 협업 ·커뮤니케이션·문제해결 능력 · 컴퓨터 공학/사이언스, 산업공학, 인공지능, ·석사 학위 우대 (LLM, AI Agent 연구 경험자) ·AI/ML 기반 애플리케이션 개발 1년 이상의 경험 ·기업 내 멀티 에이전트 시스템 개발 경험자 소프트웨어 공학 또는 관련 분야 학사 이상",2026.01.08,https://www.work24.go.kr/wk/a/b/1500/empDetailAuthView.do?wantedAuthNo=535275&infoTypeCd=CAT&infoTypeGroup=tb_workinfogubun
536462,Agentic AI Platform 개발자 (경력) 채용,카카오,"&lt; 카카오 Agent Builder &gt; AI와 Web Streaming 기술을 통해 웹, 톡, 챗봇, 카카오맵 등 다양한 플랫폼과의 연동을 진행합니다. &lt; Agent Network&gt; A2A를 통해 카카오 에이전트와 내·외부 에이전트를 연동하여 유기적인 에이전트 네트워크를 구성할 수 있는 플랫폼을 구축합니다. AI Prompt Engineering, Function Call, Agent 기반 아키텍처 설계 및 개발 경력을 보유하신 분 Java/Kotlin 및 Spring 기반 웹 서비스 개발 경력을 3년 이상 보유하신 분 Kubernetes 인프라 환경에서의 개발 및 DevOps 운영 경력을 보유하신 분 RDB, NoSQL, Queue, 캐시 등 미들웨어 활용 경력을 보유하신 분 n8n, make, dify 등 Agent Builder를 활용하여 에이전트를 제작해보신분 A2A, MCP 등의 에이전트 프로토콜을 활용한 에이전트 개발 경력을 보유하신 분 웹 스트리밍 (WebSocket, SSE) 서비스 아키텍처 설계 및 개발 운영 경력을 보유하신 분 새로운 언어, 기술에 관심과 학습 의지가 높으신 분",2026.01.19,https://www.work24.go.kr/wk/a/b/1500/empDetailAuthView.do?wantedAuthNo=536462&infoTypeCd=CAT&infoTypeGroup=tb_workinfogubun
50167723,[지뉴소프트/연구소] AI 연구원 채용 (병역특례/전문연구요원 가능),㈜지뉴소프트,"담당업무 · 멀티모달 비전 파운데이션 모델 개발 - 초분광(HSI), 다분광(MSI), RGB 등 다양한 센서 기반의 영상 데이터를 통합하여, 다양한 영상처리 태스크를 효율적으로 수행 할 수 있는 범용 비전 파운데이션 모델을 개발 - 다양한 산업 분야에서의 실질적 가치 창출을 목표로, 파운데이션 모델 기반의 응용 분야별 모델 설계, 최적화 및 효율적인 파인 튜닝 기법 적용 - 사업화 가능 수준의 대규모 AI 모델 경량화 기술 연구 및 고도화 · 멀티모달 이미지-언어 통합 모델(VLM) 개발 - 초분광(HSI)·다분광(MSI)-RGB 등의 다양한 영상 분야에서 전문가 수준의 전문지식과 문제해결 능력을 갖춘 언어모델 구축 - 비전 파운데이션 모델과 멀티모달 언어모델을 결합하여 입력 영상을 대상으로 자연어 기반 질의응답 및 복합 추론이 가능한 통 합 모델 개발 · 초분광 영상 정밀분석 도구 및 플랫폼 서비스 구축 - 분광 특성을 이해하고 활용하는 스펙트럼 정밀분석 및 저작도구 솔루션 개발 -파운데이션 모델 및 VLM을 융합한 멀티모달 분석 상용 서비스 구축 -LLM, RAG, MCP 등 최신 AI 기술을 융합하여 손쉽게 활용 가능한 지능형 시스템 구축 ·학력: 석사이상 ·경력: 신입/경력 ·최신 AI 기술에 대한 탄탄한 이해가 있는 분 ·석·박사학위 소유자 ·초분광 다분광 분야의 전문지식 보유자 ·국제 학술 대회 논문 1저자 또는 AI 분야 논문 게재 경험자 ·공개 벤치마크에서 SOTA 성능을 상위 달성 경험 보유자 ·국제 AI 경진대회 상위 입상 경력 보유자",2026.01.05,https://www.work24.go.kr/wk/a/b/1500/empDetailAuthView.do?wantedAuthNo=50167723&infoTypeCd=CJK&infoTypeGroup=tb_workinfogubun
50277435,에이아이티스토리 개발자 신입/경력 채용 (AI Agent 개발자),에이아이티스토리㈜,"개발자 &gt; AI Agent 개발 * 지원서 제목에 모집분야 기재 필수 담당 업무 생성형 AI 기반 솔루션 설계 및 개발 ・ML 모델 설계, 학습, 검증 및 배포 프롬프트 엔지니어링 및 랭체인 연구 및 개발 LLM API 연동 및 서비스 적용 AI 모델 성능 개선 및 운영 자동화 · 전공학과 4년제 졸업 ・ML / LLM / LMM 생성형AI 가능자 · RAG 경험자 · 합성데이터 경험자 · EDA 능숙자 · 전공학과 컴퓨터공학과, 통계학과 우대",2026.01.23,https://www.work24.go.kr/wk/a/b/1500/empDetailAuthView.do?wantedAuthNo=50277435&infoTypeCd=CJK&infoTypeGroup=tb_workinfogubun
50362502,[이테크시스템] AI Agent 개발자 (RAG & LLM 전문가),㈜이테크시스템,"[ERP 고도화] 리스크 매니지먼트 AI 에이전트 개발자 채용 (RAG & LLM 전문가) · ERP 내의 정형(재무/회계) 데이터와 외부의 비정형(판례/규제) 데이터를 결합해 의사결정의 근거를 제시하는 AI를 구축 · Agentic RAG 시스템 설계 : ERP 내 다차원 데이터와 외부 법률/세무 지식 베이스를 결합한 고도화된 RAG 아키텍처 설계 · 리스크 탐지 엔진 개발 : 재무 부정, 세무 리스크, 계약 위반 징후를 사전에 포착하는 추론 로직 및 멀티 에이전트 워크플로우 개발 · Enterprise-grade LLM 최적화: 기업용 보안 가이드라인을 준수하는 Private LLM 구축 및 성능 평가(Evaluation) 파이프라인 수립 · 데이터 거버넌스 관리 : AI의 판단 근거를 추적할 수 있는 데이터 리니지(Lineage) 및 설명 가능한 AI 모델 구현 학력 : 대졸 이상 · 경력 : 3년 이상 · LLM 오케스트레이션 숙련도: LangChain, LangGraph, Llamalndex 중 하나 이상을 활용한 복잡한 에이전트 개발 경험 · 데이터 엔지니어링 역량 : SQL 및 NoSQL 활용 능력과 Vector Database(Milvus, Pinecone 등) 운용 경험 · RAG 최적화 기술 : Semantic Chunking, Re-ranking, 하이브리드 검색 등 RAG 성능 고도화 경험 · 비즈니스 이해도 : 재무, 회계, 법무 등 ERP 도메인 데이터를 다루어 본 경험 또는 이에 대한 깊은 관심 ·유관 업무 경험자 1 ) XAI 경험 : 모델의 결과값에 대해 '왜 리스크인가?'를 설명할 수 있는 기술적 구현 경험자 2) MLOps 경험 : 모델 배포부터 모니터링, 재학습까지의 전 과정 경험자 3) 도메인 융합 : 세무사, 회계사 또는 법률 전문가와 협업하여 도메인 지식을 데이터화해 본 경험자 ·커뮤니케이션 및 협업 능력이 뛰어난 자 · IT 업종 전반에 대한 이해 보유자",2026.02.09,https://www.work24.go.kr/wk/a/b/1500/empDetailAuthView.do?wantedAuthNo=50362502&infoTypeCd=CJK&infoTypeGroup=tb_workinfogubun
52744294,[핀테크/AI/정규] AI / LLM 엔지니어 (미들급),(주)파운트,"·LangGraph 기반 멀티 에이전트 시스템 설계 및 구현 · GPT-4/5, Claude, Gemini 등 LLM모델 통합 및 최적화 DB, Hybrid Search, Reranking) · RAG 시스템 개발(Vector · 금융 도메인 특화 AI Agent 개발 (가격분석, 뉴스 분석 재무제표 분석) - · Prompt Engineering 및 Chain-of-Thought 최적화 · LLM 성능 모니터링 및 비용 최적화 · SSE 기반 실시간 스트리밍 응답 구현 · 경력 5년 이상 ~ 15년 이하 · 학력무관 · Python 3+ 실무 경험3년 이상 ·LangChain/LangGraph 프레임워크 사용 경험 · OpenAl API, Anthropic API, Google Vertex AI 중 2개 이상 사용 경험 · Async/Await 비동기 프로그래밍 능숙 · Prompt Engineering 및 LLM Fine-tuning 경험 · RESTful API 설계 및 구현 경험 · Git을 통한 협업 경험 ·LangSmith, LangFuse 등LLM Observability도구 사용 경험 ·Vector Database (Pinecone, Weaviate, pgvector)사용 경험 · RAG 시스템구축 경험 · AI Agent Framework (AutoGPT, BabyAGI, CrewAl 등) 개발 경험 · FastAPI, SQLAlchemy 경험 ·금융 도메인 지식 (주식, ETF 재무제표 등) , ·논문 구현 또는 오픈소스 기여 경험",2026.01.06,https://www.work24.go.kr/wk/a/b/1500/empDetailAuthView.do?wantedAuthNo=52744294&infoTypeCd=CSI&infoTypeGroup=tb_workinfogubun
52748998,CAD/Simulation 자동화 AI 및 Agent 개발,메크랩주식회사(Mek-labInc.),,,https://www.work24.go.kr/wk/a/b/1500/empDetailAuthView.do?wantedAuthNo=52748998&infoTypeCd=CSI&infoTypeGroup=tb_workinfogubun
52854365,LLM / Generative AI 엔지니어 (도메인 특화 AI 개발),(주)씨피에스테크,"- EMChat AI 기술 로드맵 수립 및 제품 아키텍처 설계 - Foundation Model 기반 Fine-tuning 및 도메인 특화 적용 - 전파·전자파(EMC 포함) 표준 문서 기반 RAG 파이프라인 설계·고도화 - Chunking 전략 수립 및 Vector DB 구축 - Cross-Encoder / Reranker 모델 설계 및 성능 개선 - 기술 문서 Q&A / 비교 / 요약 / 번역 품질 개선 - LLM 평가 지표 정의 및 실제 사용자 품질 개선 사이클 운영 • 책임연구원/수석연구원/연구소장 직급으로 함께할 예정이에요.G20 • 경력 2년 이상 • 대학교졸업(4년)이상 • 머신러닝 / 딥러닝 실무 경력 2년 이상 • Transformer / LLM 기반 모델 개발 경험 • Python 및 PyTorch 숙련자 • 비정형 기술 문서 또는 복잡한 도메인 데이터를 다뤄본 경험 • AI 모델을 실제 서비스 또는 제품에 적용해 본 경험 • 엔지니어링 문제를 구조화하여 해결할 수 있는 역량 • AI 관련 석·박사 학위 소지자 • RAG, Retrieval, Re-ranking 구조 실무 경험 • 멀티모달(텍스트+이미지/표 등) 확장 경험 • 시니어 또는 리드급으로 프로젝트 리딩 경험 • 원활한 커뮤니케이션 역량을 보유한 분",2026.01.18,https://www.work24.go.kr/wk/a/b/1500/empDetailAuthView.do?wantedAuthNo=52854365&infoTypeCd=CSI&infoTypeGroup=tb_workinfogubun
52854382,Multimodal AI 엔지니어 (VLM/LMM 개발),(주)씨피에스테크,"- 기술 문서 내 이미지, 그래프, 도면, 표 이해를 위한 멀티모달 AI 모델 개발 - OCR + Vision + LLM을 결합한 문서 이해 파이프라인 설계 - 이미지·그래프 기반 정보 추출 및 텍스트 의미 연결 - 문서 질의응답(QA), 요약, 비교를 위한 멀티모달 입력 처리 구조 설계 - 멀티모달 모델 성능 평가 지표 정의 및 품질 개선 사이클 운영 • 책임연구원/수석연구원/연구소장 직급으로 함께할 예정이에요. • 경력 2년 이상 • 대학교졸업(4년)이상 • 머신러닝 / 딥러닝 실무 경력 3년 이상 • Vision 또는 Multimodal 모델 개발 경험 • Python 및 PyTorch 숙련 • OCR, 문서 분석 또는 비정형 데이터 처리 경험 • AI 모델을 실제 서비스 또는 제품에 적용해 본 경험 • 복잡한 문제를 구조화하여 해결할 수 있는 엔지니어링 역량 • AI 관련 석·박사 학위 소지자 • Vision + LLM 결합 구조에 대한 이해 또는 실무 경험 • 멀티모달 QA, 문서 기반 RAG 시스템 경험 • 이미지·그래프 기반 정보 추출 및 정합성 처리 경험 • 시니어 또는 리드급으로 프로젝트 리딩 경험 • 원활한 커뮤니케이션 역량을 보유한 분",2026.01.18,https://www.work24.go.kr/wk/a/b/1500/empDetailAuthView.do?wantedAuthNo=52854382&infoTypeCd=CSI&infoTypeGroup=tb_workinfogubun
52892329,자율주행 로봇·모빌리티 Physical AI Agent 개발자,(주)퓨처드라이브,"•자율주행 로봇·모빌리티를 위한 Perception·SLAM 기반 Physical AI Agent 개발 •카메라·LiDAR·IMU 등 멀티모달 센서를 활용한 실시간 인지·위치 추정 파이프라인 구현 •Physical AI 모델을 SaaS 형태로 제공하기 위한 서비스 아키텍처 설계 및 구현 •Edge–Cloud 하이브리드 환경에서의 저지연·경량 추론 시스템 개발 •실제 로봇·모빌리티 플랫폼 적용을 통한 현장 데이터 기반 성능 검증 및 고도화 •AI 모델의 경량화·고속화·안정화를 통한 상용 서비스 품질 확보 •기존 오픈소스 및 상용 Perception/SLAM 솔루션 평가·통합·개선 •Physical AI Agent의 운영·배포·업데이트·모니터링 구조 설계 •DevOps 플랫폼 팀과 협업하여 AI 모델의 전 생애주기(개발–배포–운영) 관리 ㅍ• 경력 무관 (신입 지원 가능) • 대학교졸업(4년)이상, 졸업 예정자 지원가능 • 카메라·LiDAR·IMU 등 센서를 활용한 Perception 또는 SLAM 관련 개발 경험 • Python, C++ 등 AI·로봇 소프트웨어 개발 언어 중 하나 이상에 대한 실무 경험 • Linux 기반 개발 환경 및 Git 기반 협업 경험 • PCL(Point Cloud Library), OpenCV, CUDA, TensorRT 등 인지 및 최적화 관련 라이브러리 활용 실무 경험 • 오픈소스 프로젝트 개발 프로세스 및 협업 방식에 대한 이해 • 문제를 알고리즘이 아닌 시스템 관점에서 해결하려는 태도 • 외국인 개발자 지원가능 • Perception·SLAM·Sensor Fusion 등 Physical AI 모델 실무 개발 경험 • 자율주행 로봇·모빌리티·AMR·드론 등 실제 플랫폼 적용 경험 • AI 모델 경량화·고속화·최적화 경험 (TensorRT, ONNX 등) • Edge–Cloud 하이브리드 환경 또는 AI SaaS 서비스 개발 경험 • ROS/ROS2 기반 로봇 소프트웨어 개발 경험 • 실시간 통신(WebSocket, gRPC 등) 또는 스트리밍 시스템 경험 • 오픈소스 기반 AI/로보틱스 프로젝트 활용 또는 기여 경험 • Physical AI 또는 Embodied AI 관련 프로젝트·연구 경험",2026.01.22 ,https://www.work24.go.kr/wk/a/b/1500/empDetailAuthView.do?wantedAuthNo=52892329&infoTypeCd=CSI&infoTypeGroup=tb_workinfogubun
53000602,시니어 일자리 매칭 AI agent 고워크 AI 개발자 채용,주식회사엑스비온,"· 벡터 데이터베이스(Vector DB) 연동을 통한 데이터 기반 AI 답변 정확도 고도화 · AI 에이전트의 응답 지연 시간(Latency) 단축 및 API 호출 비용 최적 · Spring Boot 기반 API 서버 설계/개발 (모바일 앱 연동 중심) · 데이터 모델링/쿼리 작성/트랜잭션 설계/성능 개선(인덱스, 튜닝) · 데이터/서비스 마이그레이션 수행 가능한 구조 설계 및 운영 (레거시/기존 스토리지와 병행 운영 → 점진 전환) · 운영 안정화: 로깅/모니터링, 장애 분석 및 재발 방지, 배포 자동화 기반 정리 · Spring Boot 기반 실무 개발 경험(REST API) · RDB 기반 데이터 모델링 및 트랜잭션 처리 경험 · 요구사항 정리 → 설계 → 구현 → 운영 가능한 분 · 인증/권한(JWT/OAuth), 감사로그/이력 관리, 정산/원장(ledger) 설계 경험 · Docker 기반 개발/배포 경험 (컨테이너 운영, 환경 분리, 배포 흐름 이해) · 관련 전공 또는 개발 경력 · 프로덕트 안정화 운영 경험",2026.02.03 ,https://www.work24.go.kr/wk/a/b/1500/empDetailAuthView.do?wantedAuthNo=53000602&infoTypeCd=CSI&infoTypeGroup=tb_workinfogubun
53017379,(주)디윅스 인공지능 개발 연구원 (LLM 개발/응용),(주)디윅스,"• 최신 LLM 및 생성형 AI 모델 연구, 개발 및 개선 • 내부 및 고객사 대상의 AI/LLM 솔루션 설계 및 구현 • 데이터 전처리, 모델 학습, 튜닝, 평가 및 배포 자동화 • 협업을 통한 AI 서비스/제품 고도화 • 경력 5년 이상 • 컴퓨터공학, 전산학, 수학, 통계 등 관련 전공 학사 이상 (석사/박사 우대) • Python 등 프로그래밍 언어 활용 능력 경험 • PyTorch, TensorFlow 등 딥러닝 프레임워크 경험 • LLM, Transformer 기반 모델 활용/튜닝/개발 경험 • GPT, Llama, T5, BERT 등 대규모 언어 모델 적용 및 서비스 경험 • AI 학회 논문 게재 또는 데이터/모델 경진대회 입상 경험 • 클라우드(AWS, GCP, Azure) 및 MLOps 파이프라인 설계 경험",2026.02.05,https://www.work24.go.kr/wk/a/b/1500/empDetailAuthView.do?wantedAuthNo=53017379&infoTypeCd=CSI&infoTypeGroup=tb_workinfogubun
53058108,(채용전환형 인턴) AI팀 리포트 테마 에이전트 개발 담당자 모집,(주)에프앤가이드,"• 리포트 테마 에이전트 개발 • AI팀 부서 소속으로 함께할 예정이에요. • 경력 무관 (신입 지원 가능) • 대학교졸업(4년)이상 • 학사 이상 • Python 및 데이터 분석 라이브러리(Pandas, NumPy 등) 활용 능력 가능 하신 분 • LangChain, LangGraph에 대한 기본 이해 및 활용 경험 있으신 분 • 자연어 처리 및 머신러닝에 대한 기본 지식을 보유 하신 분 • OpenAI API, Claude API 등 LLM 서비스 API 사용 경험 있으신 분 • Vector Database 구축 및 검색 활용 경험 있으신 분 • 협업과 지식 공유를 즐기시는 분 • 고급 프롬프트 엔지니어링(CoT, ToT, GoT 등) 경험 있으신 분 • 최신 LLM 연구 동향을 파악하고 이를 구현한 경험 있으신 분 • 데이콘, Ko-LLM 리더보드 등에서의 LLM 성능 최적화 경험 있으신 분 • RAG(Retrieval-Augmented Generation) 설계 및 적용 경험 있으신 분 • LangGraph 기반 멀티에이전트 시스템 개발 경험 있으신 분 • 관련 전공 석사 학위 보유하신 분",2026.02.10,https://www.work24.go.kr/wk/a/b/1500/empDetailAuthView.do?wantedAuthNo=53058108&infoTypeCd=CSI&infoTypeGroup=tb_workinfogubun
53080302,"[KSTEC] AI 기반 RPA, IDP 개발 / Agentic AI 솔루션 개발",지식시스템㈜ KSTEC Inc,"1. AI Agent 기반 RPA & IDP 시스템 구축 2. LLM 및 AI Agent 관련 프로젝트 수행 3. 의사결정 자동화 시스템 구축 4. Process Automation 시스템 구축 1. 전공 : IT 관련 학과(소프트웨어 공학, 컴퓨터 공학 등) 및 기타 이공계열 전공자 2. 경력 : IT 업계 직무 경험 3년~7년 경력자 1. RPA 프로젝트 수행 경험자 2. LLM 및 AI Agent 관련 프로젝트 경험자 3. IDP (Intelligent Document Processing) 프로젝트 수행 경험 4. AI Agent 시스템 개발 경험자",2026.02.12,https://www.work24.go.kr/wk/a/b/1500/empDetailAuthView.do?wantedAuthNo=53080302&infoTypeCd=CSI&infoTypeGroup=tb_workinfogubun
53080341,"[KSTEC] AI 기반 RPA, IDP 개발 / Agentic AI 솔루션 고도화",지식시스템㈜ KSTEC In,"1. AI Agent 기반 RPA & IDP 솔루션 개발 및 유지보수 2. LLM 및 AI Agent 기반 솔루션 개발 및 유지보수 3. 고객사 업무 프로세스 분석 및 자동화 컨설팅 1. 전공 : IT 관련 학과(소프트웨어 공학, 컴퓨터 공학 등) 및 기타 이공계열 전공자 2. 경력 : IT 업계 직무 경험 10년 내외 경력자 1. RPA 프로젝트 수행 경험자 2. LLM 및 AI Agent 관련 프로젝트 경험자 3. IDP (Intelligent Document Processing) 프로젝트 수행 경험 4. Python, Java 등 언어 활용 능력 숙련자 5. AI Agent 시스템 개발 경험자",2026.02.12 ,https://www.work24.go.kr/wk/a/b/1500/empDetailAuthView.do?wantedAuthNo=53080341&infoTypeCd=CSI&infoTypeGroup=tb_workinfogubun
2E+12,[빅밸류] AI 에이전트 개발자 채용 | 전문연구요원,(주)빅밸류 부동산 빅데이터 연구소,"1) LLM 및 RAG 기반 서비스의 기획 개발 2) RAG, Fine Tunning Prompt Engineering 등 대화형 AI 최적화 3) MCP 등을 활용한 외부 서비스/솔루션 연계를 위한 PoC 개발 4) 최신 연구 기술 동향 분석 및 내재화 1) 경력: 무관(전문연구요원) 2) 공간 데이터, 빅데이터, 인공지능 기술 전반에 대해 관심이 있는 분 3) 해외 출장에 결격사유가 없는 분 4) Retrieval-Augmented Generation(RAG) 기반 서비스 개발 경험 5) LLM을 활용한 비즈니스 활용도구 개발 경험 1) 관련 분야(수학, 통계 컴퓨터 공학 등) 석사 이상 전공자 2) 자연어처리(NLP) 또는 LLM 기반 서비스 기획, 개발 경험 3) AI 모델의 구조, 학습, 추론에 대한 실무적 이해",2026.01.15,https://www.work24.go.kr/wk/a/b/1500/empDetailAuthView.do?wantedAuthNo=2000001249694&infoTypeCd=MMA&infoTypeGroup=tb_workinfomma
2.60128E+12,AI Agent 개발,써치스퀘어,"1) SVMS 에 활용 가능한 AI 에이전트 아이템 및 사례 발굴 2) AI 에이전트 아키텍쳐 설계 및 개발 3) MCP(Model Context Protocol) 설계 및 개발 4) AI 에이전트 평가 지표 정의 및 자동화 평가 시스템 구축 5) 다양한 언어 모델 및 데이터 연동 6) AI 에이전트 성능 모니터링 및 디버깅 7) AI 에이전트 배포 및 운영 환경 구축 1) 컴퓨터, 전산, AI 관련 박사학위 이상 2) AI 엔지니어경력3년이상(석사기간제외) 3) Python 및 관련 라이브러리 활용 능력 - Langchain, Langgraph, FastAPI, OpenAI 등 4) RAG, Agent, MCP 전체 워크플로우에 대한 기본 지식 5) RESTFul API 등 외부 연동 기술 개발 능력 6) Model(LLM, Embedding, Re-ranking) 및 VectorDB 활용 경험 7) 프롬프트 엔지니어링 8) Git, Jira등 협업 도구 활용 능력 1) End-to-End 에이전트 설계 및 운영 경험 2) AI 에이전트 워크플로우에 대한 설계 및 개발 경험 3) MCP 도구의 제작, 배포 적용 경험 4) 에이전트 평가 지표 수립 및 자동화 평가 시스템 구축 경험 5) 에이전트 고도화를 적용한 성능 향상 경험 6) 온프레미스, 클라우드 플랫폼을 활용한 프로젝트 경험",2026.01.28,https://www.work24.go.kr/wk/a/b/1500/empDetailAuthView.do?wantedAuthNo=2601280003945&infoTypeCd=CIN&infoTypeGroup=tb_workinfogubun
2.60212E+12,"[KSTEC] AI 기반 RPA, IDP 개발 / Agentic AI 솔루션 고도화 경력 채용",지식시스템㈜,"1. AI Agent 기반 RPA & IDP 솔루션 개발 및 유지보수 2. LLM 및 AI Agent 기반 솔루션 개발 및 유지보수 3. 고객사 업무 프로세스 분석 및 자동화 컨설팅 1. 전공 : IT 관련 학과(소프트웨어 공학, 컴퓨터 공학 등) 및 기타 이공계열 전공자 2. 경력 : IT 업계 직무 경험 10년 내외 경력 1. RPA 프로젝트 수행 경험자 2. LLM 및 AI Agent 관련 프로젝트 경험자 3. IDP (Intelligent Document Processing) 프로젝트 수행 경험 4. Python, Java 등 언어 활용 능력 숙련자 5. AI Agent 시스템 개발 경험자",2026.02.12,https://www.work24.go.kr/wk/a/b/1500/empDetailAuthView.do?wantedAuthNo=2602120000961&infoTypeCd=CIN&infoTypeGroup=tb_workinfogubun
2.60212E+12,"[KSTEC] AI 기반 RPA, IDP 개발 / Agentic AI 솔루션 개발 채용",지식시스템㈜,"1. AI Agent 기반 RPA & IDP 시스템 구축 2. LLM 및 AI Agent 관련 프로젝트 수행 3. 의사결정 자동화 시스템 구축 4. Process Automation 시스템 구축 1. 전공 : IT 관련 학과(소프트웨어 공학, 컴퓨터 공학 등) 및 기타 이공계열 전공자 2. 경력 : IT 업계 직무 경험 3년~7년 경력자 1. RPA 프로젝트 수행 경험자 2. LLM 및 AI Agent 관련 프로젝트 경험자 3. IDP (Intelligent Document Processing) 프로젝트 수행 경험 4. AI Agent 시스템 개발 경험자",2026.02.12,https://www.work24.go.kr/wk/a/b/1500/empDetailAuthView.do?wantedAuthNo=2602120000965&infoTypeCd=CIN&infoTypeGroup=tb_workinfogubun
2.60215E+12,상장기업 AI솔루션 AI엔지니어,탑커리어인사이트,"- ComfyUI 기반 프로젝트의 안정적인 운영 및 장애 대응 - ComfyUI API 연동 및 자동화 파이프라인 구축 - 생성형 이미지 AI 개발 - 포트폴리오 제출 필수 - 초대졸이상 - 경력 4년 이상 - ComfyUI 커스텀 노드 개발 및 워크플로우 최적화 경험이 있으신 분 - ComfyUI API 연동 및 자동화 파이프라인 구축 경험이 있으신 분 - Python FastAPI 실무 경험이 있으신 분 - LangChain, LangGraph, LangFlow 등 AI Agent 프레임워크 구축 경험이 있으신 분 - MCP(Model Context Protocol) 개발 경험이 있으신 분 - 정보처리기사 또는 동등한 자격증 소지 하신 분 - Git, JIRA 등 협업 도구 활용 및 프로젝트 문서화에 능숙하신 분",,https://www.work24.go.kr/wk/a/b/1500/empDetailAuthView.do?wantedAuthNo=2602150000058&infoTypeCd=CIN&infoTypeGroup=tb_workinfogubun
2.60215E+12,상장기업 AI솔루션 백엔드개발,탑커리어인사이트,"- Java Spring Boot 기반 백엔드 API 개발 및 유지보수 - MSA 전환을 위한 서비스 분리 및 리팩토링 - Java Spring 서비스를 FastAPI로 단계적 전환 - CI/CD 파이프라인 설계, 구축 및 운영 - 포트폴리오 제출 필수 - 초대졸이상 - 경력 6년 이상 - Java Spring Boot 백엔드 개발 실무 경험 6년 이상 경험 있으신분 - JPA/Hibernate 실무 경험이 있으신 분 - Python FastAPI 실무 경험이 있으신 분 - RESTful API 설계 및 개발에 능숙하신 분 - DevOps 기본 역량 있으신분 - LangChain, LangGraph, LangFlow 등 AI Agent 프레임워크 구축 경험이 있으신 분 - MCP(Model Context Protocol) 개발 경험이 있으신 분 - 정보처리기사 또는 동등한 자격증 소지 하신 분 - Git, JIRA 등 협업 도구 활용 및 프로젝트 문서화에 능숙하신 분",2026.02.15,https://www.work24.go.kr/wk/a/b/1500/empDetailAuthView.do?wantedAuthNo=2602150000059&infoTypeCd=CIN&infoTypeGroup=tb_workinfogubun
K120612602060002,[채용-상시] 인공지능 전문기업 단비아이엔씨에서 개발자를 모집합니다. (경력5년이상~10년이하),주식회사 단비아이엔씨(danbee Inc.),"<백엔드는 어떤일을 담당하나요?> - 단비에서 구축한 기업용 서비스의 개발을 담당합니다. - 인공지능을 활용한 기업용 시스템 구축 및 운영의 백엔드 개발을 담당합니다. - Java, Python, Node.js 등의 언어로 백엔드 서비스를 개발합니다. - React.js(Next.js), Vue.js(Nuxt.js) 등으로 만들어진 웹어플리케이션을 백엔드 서비스와 연계합니다. <AI>개발은 어떤일을 담당하나요?> - 인공지능을 활용한 기업용 시스템 구축 및 운영의 AI 개발을 담당합니다. - LLM 데이터 수집 및 정제 작업을 담당합니다. - LLM Fine Tuning 및 모델 배포를 담당합니다. - Python 등의 언어로 백엔드 서비스를 개발합니다. - React.js(Next.js), Vue.js(Nuxt.js) 등으로 만들어진 웹어플리케이션을 백엔드 서비스와 연계합니다. <어떻게 일하나요?> - 애자일 방식으로 1달 단위로 스프린트를 진행하며, 매일 스크럼미팅을 진행합니다. - 매주 월요일 한 주의 계획을 공유하고, 업무분배를 다시 조정합니다. - 한달에 한번 스프린트의 회고를 진행하고 개선할 부분을 찾아 다음 스프린트에 도전을 합니다. - 일감관리는 플래너(Planer)를 사용하며 협업으로는 팀즈(Teams)을 사용합니다. - 깃헙(GitHub)과 깃랩(GitLab)을 코드 저장소로 사용합니다. - 젠킨스(Jenkins) 또는 Github Action을 사용하여 CI를 구성하고 AWS 등 클라우드에 빌드 및 배포를 진행합니다. - 개발환경은 도커(Docker)로 구성되어 있어 편하게 개발만 집중할 수 있습니다. - 개발도구는 젯브레인(JetBrain)의 통합IDE를 모든 개발자에게 제공합니다. <백엔드 개발자는 어떤 조건이 필요한가요?> - 새로운 기술에 대한 거부감이 없으며 개발을 좋아하는 감성을 지닌 사람 - 백엔드 개발 5년 이상 경험 필수 - Java 기본과 Spring Framework를 사용하여 개발한 경험 필수 - AWS, Azure, GCP 등 클라우드 프로젝트 경험 필수 <AI>개발자는 어떤 조건이 필요한가요?> - 새로운 기술에 대한 거부감이 없으며 개발을 좋아하는 감성을 지닌 사람 - 백엔드 개발 5년 이상 경험 필수 - LLM 데이터 관리 및 모델 관리 경험 필수 - Python Framework 인 Pytorch , Django, Flask, Fastapi 를 사용한 경험 우대",2026.02.28,https://www.work24.go.kr/wk/a/b/1500/empDetailAuthView.do?wantedAuthNo=K120612602060002&infoTypeCd=VALIDATION&infoTypeGroup=tb_workinfoworknet
K131212601230044,[현대자동차 협력사 (주)마바산업] 소프트웨어 인턴사원 모집(AI Agent 활용 가능자),주식회사 마바산업,"•AI Agent 기반 기술 분석 및 기능 구현 보조 •모빌리티·PBV 관련 소프트웨어 기획 및 프로토타입 개발 •내·외부 시스템 연동 실험 및 테스팅 지원 •R&D 프로젝트 문서화 및 테스트 레포트 작성 •AI 기반 자동화/디자인 리서치 지원 •컴퓨터공학, 소프트웨어, 데이터 분야 전공자 또는 동등 역량 보유자 •Python, JavaScript 등 기본 프로그래밍 가능 •AI Agent(Copilot, GPT 기반 Agent 등) 활용 경험 또는 이해 •Git 등 협업 개발 툴 이해 •문제 해결 능력 및 새로운 기술 도전 의지가 높은 분 •학부 3~4학년 / 휴학생 / 졸업예정자 지원 가능 •LangChain·RAG 시스템 경험 •API 기반 소프트웨어 개발 경험 •모빌리티·IoT·스마트팩토리 분야 관심자 •실험용 프로토타입 구현 경험 •AI 모델 활용 프로젝트 경험(학교·개인 모두 인정) •임베디드 안드로이드 시스템 프로그래밍 가능자 / 유경험자 우대",2026.02.24,https://www.work24.go.kr/wk/a/b/1500/empDetailAuthView.do?wantedAuthNo=K131212601230044&infoTypeCd=VALIDATION&infoTypeGroup=tb_workinfoworknet
K162212601190005,"순천 AI 및 백엔드, 프론트엔드, UI UX 개발자 모집",(수)복지용구의료기,• AI 모델 개발 및 최적화예요 • 백엔드 시스템 설계 및 구현해요 • 프론트엔드 UI 개발 및 유지보수예요 • 사용자 경험(UX) 개선 프로젝트해요 • 데이터 분석 및 처리 시스템 관리예요 • 경력 무관 (신입 지원 가능) • 대학교졸업(4년)이상 • 컴퓨터공학 관련 학위 보유자예요 • 프로그래밍 언어 숙련자예요 • 팀 협업 및 커뮤니케이션 능력해요 • 문제 해결 및 분석 능력해요 • 프로젝트 관리 경험자예요,,https://www.work24.go.kr/wk/a/b/1500/empDetailAuthView.do?wantedAuthNo=K162212601190005&infoTypeCd=VALIDATION&infoTypeGroup=tb_workinfoworknet
